Mode,Response Time,Mistakes,Steps
5.0,11.0,0.0,4.0
8.0,8.9,1.0,3.0
5.0,6.5,0.0,4.0
1.0,0.0,0.0,0.0
6.0,3.9,1.0,2.0
5.0,11.04,1.0,4.0
1.0,0.0,0.0,0.0
6.0,4.0,0.0,2.0
6.0,8.51,1.0,3.0
6.0,3.58,0.0,3.0
5.0,4.1,0.0,3.0
5.0,8.21,2.0,4.0
5.0,6.0,0.0,4.0
7.0,7.95,0.0,3.0
5.0,2.69,0.0,2.0
5.0,20.62,0.0,4.0
8.0,8.67,1.0,2.0
7.0,3.56,0.0,2.0
7.0,3.52,1.0,2.0
5.0,5.01,0.0,2.0
3.0,0.0,0.0,0.0
6.0,6.14,0.0,3.0
7.0,8.08,0.0,4.0
8.0,4.0,1.0,2.0
7.0,7.14,2.0,4.0
5.0,5.0,0.0,3.0
5.0,9.25,0.0,3.0
6.0,5.3,1.0,3.0
8.0,12.83,3.0,4.0
3.0,0.0,0.0,0.0
7.0,8.0,0.0,4.0
7.0,11.13,2.0,4.0
3.0,0.0,0.0,0.0
1.0,0.0,0.0,0.0
8.0,6.37,1.0,3.0
8.0,2.98,0.0,2.0
7.0,8.18,1.0,2.0
7.0,13.47,3.0,2.0
4.0,0.0,0.0,0.0
7.0,1.0,0.0,3.0
2.0,0.0,0.0,0.0
2.0,0.0,0.0,0.0
2.0,0.0,0.0,0.0
7.0,4.21,1.0,4.0
6.0,7.86,0.0,3.0
7.0,9.0,0.0,4.0
5.0,2.22,0.0,3.0
8.0,6.8,0.0,4.0
6.0,8.0,2.0,3.0
6.0,5.0,0.0,3.0
7.0,4.0,0.0,2.0
8.0,8.0,0.0,4.0
7.0,6.11,0.0,4.0
6.0,12.0,0.0,4.0
4.0,0.0,0.0,0.0
5.0,4.0,0.0,2.0
4.0,0.0,0.0,0.0
3.0,0.0,0.0,0.0
6.0,7.46,3.0,4.0
7.0,9.0,0.0,3.0
7.0,10.56,1.0,3.0
5.0,9.0,0.0,4.0
7.0,4.13,0.0,4.0
7.0,12.71,5.0,4.0
5.0,10.97,1.0,3.0
7.0,7.03,2.0,4.0
7.0,7.0,0.0,3.0
8.0,7.41,2.0,2.0
7.0,26.83,0.0,4.0
5.0,6.8,0.0,4.0
8.0,10.67,0.0,2.0
2.0,0.0,0.0,0.0
8.0,7.0,0.0,3.0
7.0,9.61,0.0,3.0
8.0,5.27,0.0,4.0
8.0,8.88,0.0,4.0
7.0,3.0,0.0,2.0
4.0,0.0,0.0,0.0
6.0,3.98,0.0,3.0
3.0,0.0,0.0,0.0
1.0,0.0,0.0,0.0
2.0,0.0,0.0,0.0
8.0,5.65,0.0,3.0
8.0,1.0,0.0,2.0
8.0,2.53,0.0,2.0
7.0,6.0,0.0,2.0
2.0,0.0,0.0,0.0
1.0,0.0,0.0,0.0
8.0,15.05,4.0,4.0
5.0,1.0,0.0,3.0
7.0,8.0,0.0,4.0
7.0,4.12,0.0,3.0
3.0,0.0,0.0,0.0
8.0,5.8,0.0,2.0
8.0,4.19,0.0,3.0
7.0,3.66,0.0,3.0
6.0,4.34,0.0,3.0
6.0,8.0,0.0,4.0
3.0,0.0,0.0,0.0
2.0,0.0,0.0,0.0
6.0,5.11,0.0,3.0
5.0,14.47,0.0,4.0
7.0,8.0,0.0,3.0
8.0,6.12,0.0,2.0
7.0,3.89,0.0,3.0
7.0,7.0,0.0,3.0
7.0,6.0,0.0,4.0
5.0,2.9,0.0,2.0
4.0,0.0,0.0,0.0
7.0,6.9,0.0,3.0
7.0,5.28,0.0,4.0
8.0,7.95,1.0,4.0
5.0,5.0,0.0,3.0
7.0,10.62,1.0,4.0
7.0,10.0,0.0,4.0
8.0,12.56,2.0,4.0
8.0,3.5,0.0,3.0
8.0,14.99,2.0,4.0
7.0,2.45,2.0,3.0
4.0,0.0,0.0,0.0
1.0,0.0,0.0,0.0
8.0,3.25,0.0,3.0
5.0,4.0,0.0,2.0
7.0,5.3,0.0,3.0
5.0,4.27,0.0,2.0
7.0,5.98,0.0,4.0
5.0,3.12,0.0,3.0
7.0,4.74,0.0,3.0
6.0,8.6,1.0,2.0
5.0,3.12,2.0,2.0
8.0,6.6,0.0,2.0
5.0,1.44,1.0,3.0
5.0,7.13,0.0,3.0
8.0,6.03,0.0,4.0
5.0,3.8,0.0,3.0
5.0,8.0,1.0,4.0
5.0,14.0,0.0,4.0
5.0,4.0,1.0,3.0
8.0,5.9,0.0,4.0
5.0,13.72,3.0,2.0
8.0,4.06,0.0,3.0
5.0,2.18,0.0,3.0
2.0,0.0,0.0,0.0
5.0,5.33,0.0,3.0
7.0,8.04,1.0,4.0
8.0,3.27,0.0,3.0
7.0,12.08,1.0,3.0
8.0,1.0,0.0,3.0
8.0,3.0,0.0,2.0
8.0,4.94,1.0,4.0
8.0,4.3,0.0,4.0
6.0,2.23,0.0,2.0
6.0,14.36,2.0,4.0
7.0,26.49,0.0,4.0
6.0,5.27,0.0,3.0
8.0,3.6,0.0,3.0
6.0,5.71,0.0,4.0
2.0,0.0,0.0,0.0
5.0,3.0,1.0,2.0
7.0,11.1,0.0,2.0
7.0,5.6,0.0,3.0
6.0,7.57,0.0,3.0
6.0,3.61,0.0,4.0
7.0,6.0,0.0,3.0
5.0,5.02,0.0,3.0
7.0,3.49,0.0,3.0
8.0,6.0,1.0,3.0
3.0,0.0,0.0,0.0
8.0,4.85,0.0,2.0
8.0,7.0,0.0,2.0
8.0,4.75,0.0,3.0
6.0,8.02,3.0,4.0
7.0,4.47,0.0,3.0
5.0,13.0,1.0,4.0
7.0,11.99,1.0,4.0
6.0,2.29,0.0,2.0
4.0,0.0,0.0,0.0
8.0,6.69,0.0,4.0
8.0,6.0,0.0,3.0
7.0,3.92,1.0,2.0
5.0,3.8,0.0,3.0
8.0,6.56,0.0,2.0
4.0,0.0,0.0,0.0
8.0,7.0,0.0,3.0
8.0,1.69,0.0,3.0
3.0,0.0,0.0,0.0
5.0,6.36,1.0,4.0
8.0,7.03,5.0,4.0
5.0,4.5,1.0,3.0
8.0,6.07,0.0,4.0
7.0,9.0,0.0,4.0
4.0,0.0,0.0,0.0
6.0,5.13,1.0,3.0
6.0,7.34,1.0,3.0
2.0,0.0,0.0,0.0
5.0,10.96,2.0,2.0
5.0,5.0,0.0,4.0
5.0,8.78,0.0,4.0
8.0,4.23,0.0,3.0
2.0,0.0,0.0,0.0
8.0,3.2,0.0,4.0
6.0,2.94,0.0,2.0
8.0,6.88,2.0,3.0
6.0,2.48,1.0,2.0
6.0,3.48,0.0,2.0
5.0,2.47,0.0,3.0
3.0,0.0,0.0,0.0
7.0,5.41,0.0,4.0
7.0,10.9,1.0,4.0
4.0,0.0,0.0,0.0
7.0,4.48,0.0,2.0
6.0,11.03,1.0,3.0
5.0,6.93,1.0,2.0
8.0,4.53,0.0,4.0
7.0,11.49,1.0,4.0
6.0,4.0,0.0,2.0
6.0,10.0,0.0,4.0
7.0,14.16,3.0,4.0
8.0,5.0,0.0,4.0
8.0,13.7,0.0,3.0
8.0,3.52,0.0,3.0
8.0,2.16,0.0,3.0
7.0,2.0,0.0,2.0
7.0,8.0,0.0,3.0
7.0,4.67,0.0,3.0
8.0,11.25,3.0,2.0
8.0,4.0,0.0,4.0
8.0,6.3,0.0,3.0
5.0,5.3,0.0,2.0
3.0,0.0,0.0,0.0
5.0,8.4,1.0,4.0
7.0,4.32,0.0,2.0
6.0,6.9,0.0,4.0
8.0,12.61,0.0,4.0
2.0,0.0,0.0,0.0
7.0,12.76,2.0,3.0
5.0,5.4,1.0,3.0
5.0,9.88,1.0,4.0
7.0,7.16,0.0,4.0
6.0,5.8,1.0,4.0
7.0,4.84,0.0,2.0
5.0,2.84,0.0,2.0
7.0,2.43,2.0,4.0
5.0,12.0,0.0,3.0
6.0,6.0,0.0,3.0
6.0,10.4,3.0,3.0
8.0,7.7,0.0,4.0
5.0,5.86,0.0,4.0
1.0,0.0,0.0,0.0
7.0,9.04,3.0,4.0
2.0,0.0,0.0,0.0
6.0,5.7,1.0,2.0
8.0,2.4,0.0,2.0
5.0,4.8,1.0,3.0
8.0,6.0,1.0,2.0
8.0,3.08,0.0,3.0
7.0,3.59,0.0,4.0
8.0,2.08,0.0,2.0
5.0,1.82,0.0,3.0
5.0,11.93,0.0,2.0
8.0,6.11,2.0,4.0
6.0,3.0,1.0,2.0
4.0,0.0,0.0,0.0
6.0,4.74,0.0,3.0
5.0,5.1,0.0,4.0
5.0,4.28,0.0,2.0
8.0,5.0,0.0,3.0
5.0,3.56,0.0,2.0
5.0,10.2,2.0,4.0
7.0,5.6,1.0,4.0
3.0,0.0,0.0,0.0
7.0,6.43,2.0,4.0
7.0,3.0,0.0,2.0
8.0,5.1,0.0,3.0
8.0,1.0,0.0,3.0
5.0,8.0,0.0,3.0
8.0,6.21,0.0,3.0
5.0,3.0,2.0,3.0
3.0,0.0,0.0,0.0
5.0,1.72,0.0,2.0
6.0,4.4,0.0,3.0
8.0,3.0,0.0,2.0
6.0,2.0,0.0,4.0
6.0,4.05,1.0,3.0
6.0,5.0,0.0,4.0
6.0,5.9,0.0,3.0
8.0,3.22,0.0,3.0
7.0,3.76,0.0,4.0
6.0,10.0,1.0,4.0
5.0,10.05,0.0,4.0
4.0,0.0,0.0,0.0
7.0,5.25,0.0,2.0
8.0,4.22,0.0,2.0
7.0,6.4,0.0,3.0
7.0,3.9,0.0,4.0
5.0,3.2,0.0,2.0
8.0,4.16,0.0,3.0
7.0,4.24,0.0,3.0
8.0,10.0,2.0,4.0
7.0,4.98,0.0,4.0
8.0,6.0,0.0,3.0
7.0,4.91,0.0,3.0
6.0,2.0,1.0,2.0
8.0,2.88,1.0,3.0
7.0,3.11,0.0,3.0
8.0,1.4,0.0,2.0
5.0,9.0,0.0,3.0
8.0,3.34,0.0,2.0
2.0,0.0,0.0,0.0
1.0,0.0,0.0,0.0
6.0,13.78,2.0,2.0
5.0,5.36,0.0,3.0
6.0,4.58,0.0,3.0
7.0,4.56,0.0,2.0
6.0,6.7,0.0,4.0
8.0,4.81,0.0,3.0
6.0,9.0,1.0,4.0
5.0,10.0,1.0,3.0
7.0,7.43,1.0,4.0
7.0,8.15,0.0,4.0
5.0,6.0,0.0,2.0
5.0,6.36,0.0,4.0
5.0,1.88,0.0,2.0
5.0,5.51,0.0,3.0
7.0,4.0,0.0,3.0
8.0,14.42,2.0,4.0
1.0,0.0,0.0,0.0
8.0,5.36,0.0,2.0
5.0,9.0,0.0,3.0
8.0,3.8,0.0,3.0
3.0,0.0,0.0,0.0
3.0,0.0,0.0,0.0
5.0,5.63,0.0,4.0
5.0,6.17,0.0,3.0
8.0,7.53,1.0,4.0
6.0,8.44,0.0,4.0
6.0,3.0,0.0,2.0
6.0,1.93,0.0,4.0
2.0,0.0,0.0,0.0
4.0,0.0,0.0,0.0
8.0,3.81,1.0,3.0
8.0,7.3,0.0,4.0
8.0,6.5,2.0,4.0
6.0,7.8,0.0,4.0
6.0,5.0,1.0,3.0
5.0,5.05,0.0,4.0
7.0,3.98,0.0,3.0
8.0,7.3,2.0,3.0
5.0,9.0,0.0,4.0
8.0,2.5,0.0,2.0
6.0,7.0,0.0,3.0
5.0,8.69,4.0,2.0
6.0,12.41,3.0,4.0
4.0,0.0,0.0,0.0
8.0,3.63,1.0,3.0
6.0,7.0,0.0,4.0
5.0,4.0,0.0,3.0
6.0,8.96,3.0,4.0
4.0,0.0,0.0,0.0
7.0,4.0,0.0,2.0
5.0,4.25,0.0,3.0
5.0,2.9,0.0,2.0
8.0,2.0,0.0,2.0
1.0,0.0,0.0,0.0
2.0,0.0,0.0,0.0
8.0,3.0,0.0,2.0
6.0,2.5,0.0,2.0
8.0,6.0,1.0,2.0
5.0,11.68,4.0,3.0
6.0,3.74,0.0,3.0
8.0,7.0,1.0,3.0
8.0,6.41,1.0,2.0
7.0,10.95,2.0,2.0
7.0,6.39,0.0,4.0
5.0,4.63,0.0,3.0
5.0,2.75,1.0,3.0
8.0,7.99,0.0,3.0
2.0,0.0,0.0,0.0
6.0,7.0,1.0,4.0
5.0,4.9,0.0,4.0
1.0,0.0,0.0,0.0
6.0,4.75,1.0,4.0
5.0,10.0,0.0,3.0
2.0,0.0,0.0,0.0
1.0,0.0,0.0,0.0
7.0,3.15,0.0,2.0
7.0,3.75,0.0,2.0
3.0,0.0,0.0,0.0
5.0,8.0,0.0,3.0
8.0,5.16,0.0,2.0
6.0,5.98,0.0,3.0
8.0,8.0,0.0,3.0
2.0,0.0,0.0,0.0
5.0,3.95,0.0,4.0
8.0,8.0,0.0,4.0
8.0,8.1,0.0,4.0
7.0,8.4,0.0,4.0
1.0,0.0,0.0,0.0
3.0,0.0,0.0,0.0
6.0,5.41,2.0,4.0
5.0,4.8,1.0,2.0
5.0,4.2,0.0,4.0
7.0,4.0,2.0,3.0
6.0,5.82,0.0,4.0
8.0,3.0,1.0,2.0
7.0,11.6,1.0,4.0
3.0,0.0,0.0,0.0
7.0,5.0,0.0,3.0
8.0,12.48,1.0,2.0
2.0,0.0,0.0,0.0
7.0,4.5,0.0,4.0
5.0,4.05,0.0,3.0
8.0,2.21,0.0,3.0
8.0,3.67,0.0,2.0
7.0,5.4,1.0,3.0
3.0,0.0,0.0,0.0
1.0,0.0,0.0,0.0
8.0,8.0,4.0,4.0
3.0,0.0,0.0,0.0
7.0,3.71,0.0,4.0
8.0,9.0,1.0,3.0
1.0,0.0,0.0,0.0
7.0,4.0,1.0,2.0
1.0,0.0,0.0,0.0
6.0,4.98,0.0,2.0
8.0,4.71,0.0,4.0
7.0,3.0,0.0,2.0
5.0,5.0,0.0,3.0
4.0,0.0,0.0,0.0
2.0,0.0,0.0,0.0
3.0,0.0,0.0,0.0
2.0,0.0,0.0,0.0
5.0,3.81,1.0,3.0
5.0,13.51,0.0,4.0
1.0,0.0,0.0,0.0
6.0,4.69,0.0,3.0
6.0,6.56,1.0,4.0
8.0,5.0,1.0,2.0
5.0,5.54,0.0,4.0
8.0,3.0,0.0,2.0
7.0,5.0,0.0,3.0
6.0,2.9,0.0,2.0
1.0,0.0,0.0,0.0
6.0,3.31,0.0,3.0
8.0,4.9,0.0,4.0
5.0,2.53,1.0,2.0
8.0,5.2,0.0,3.0
5.0,5.06,0.0,4.0
7.0,4.28,0.0,3.0
5.0,10.28,2.0,3.0
7.0,12.62,2.0,2.0
7.0,4.29,0.0,3.0
3.0,0.0,0.0,0.0
8.0,4.22,0.0,2.0
1.0,0.0,0.0,0.0
8.0,5.45,0.0,4.0
7.0,2.3,0.0,2.0
8.0,3.85,0.0,2.0
5.0,3.8,0.0,3.0
6.0,6.0,0.0,4.0
6.0,5.08,1.0,3.0
5.0,4.0,0.0,2.0
7.0,5.8,0.0,4.0
8.0,6.0,0.0,4.0
5.0,4.95,0.0,2.0
5.0,16.52,1.0,4.0
7.0,6.73,3.0,4.0
8.0,1.68,0.0,2.0
8.0,4.85,0.0,4.0
7.0,5.35,0.0,3.0
1.0,0.0,0.0,0.0
5.0,11.1,2.0,2.0
5.0,10.42,0.0,3.0
5.0,6.82,0.0,2.0
5.0,2.86,0.0,3.0
6.0,3.16,1.0,3.0
6.0,15.7,2.0,3.0
6.0,2.65,0.0,2.0
1.0,0.0,0.0,0.0
6.0,4.11,0.0,3.0
3.0,0.0,0.0,0.0
3.0,0.0,0.0,0.0
8.0,3.6,0.0,2.0
6.0,8.0,0.0,4.0
5.0,7.84,1.0,3.0
8.0,10.05,2.0,4.0
4.0,0.0,0.0,0.0
6.0,3.21,0.0,2.0
8.0,8.92,1.0,4.0
8.0,2.4,0.0,3.0
6.0,3.83,0.0,3.0
6.0,3.45,0.0,3.0
5.0,20.58,1.0,3.0
1.0,0.0,0.0,0.0
7.0,2.3,0.0,2.0
3.0,0.0,0.0,0.0
6.0,3.29,0.0,3.0
7.0,3.33,0.0,3.0
6.0,5.0,0.0,2.0
8.0,10.0,2.0,4.0
6.0,6.26,0.0,4.0
8.0,5.0,0.0,3.0
2.0,0.0,0.0,0.0
3.0,0.0,0.0,0.0
7.0,5.74,0.0,4.0
8.0,7.0,0.0,4.0
2.0,0.0,0.0,0.0
6.0,2.7,0.0,2.0
8.0,6.0,0.0,4.0
7.0,4.51,0.0,2.0
8.0,5.87,3.0,3.0
7.0,2.95,0.0,3.0
8.0,3.19,0.0,3.0
2.0,0.0,0.0,0.0
6.0,9.0,1.0,3.0
5.0,10.0,1.0,3.0
5.0,3.68,0.0,3.0
5.0,5.0,1.0,2.0
7.0,5.6,1.0,2.0
6.0,4.0,0.0,2.0
1.0,0.0,0.0,0.0
6.0,3.53,0.0,2.0
5.0,3.7,0.0,3.0
6.0,5.73,0.0,4.0
7.0,7.0,0.0,4.0
5.0,3.0,0.0,2.0
5.0,7.23,2.0,4.0
2.0,0.0,0.0,0.0
6.0,13.0,1.0,4.0
6.0,3.6,0.0,4.0
2.0,0.0,0.0,0.0
7.0,12.0,1.0,4.0
8.0,12.8,2.0,2.0
6.0,3.0,0.0,2.0
6.0,6.75,2.0,3.0
7.0,5.75,0.0,4.0
7.0,2.56,0.0,3.0
7.0,3.79,0.0,3.0
5.0,6.51,2.0,4.0
2.0,0.0,0.0,0.0
7.0,8.29,0.0,3.0
6.0,5.5,1.0,3.0
5.0,7.0,0.0,4.0
8.0,3.63,0.0,4.0
7.0,3.5,0.0,4.0
7.0,4.4,0.0,3.0
5.0,12.55,0.0,3.0
5.0,4.0,1.0,3.0
5.0,14.42,0.0,2.0
7.0,8.0,2.0,4.0
6.0,9.2,0.0,2.0
5.0,8.8,1.0,3.0
5.0,3.0,1.0,2.0
6.0,3.2,0.0,3.0
6.0,7.0,0.0,3.0
6.0,5.0,0.0,2.0
5.0,10.91,3.0,3.0
5.0,2.8,0.0,2.0
6.0,10.0,0.0,3.0
8.0,10.65,4.0,2.0
7.0,6.96,0.0,3.0
1.0,0.0,0.0,0.0
5.0,5.3,0.0,3.0
6.0,8.14,0.0,4.0
7.0,3.0,0.0,2.0
8.0,6.0,0.0,4.0
6.0,4.8,1.0,4.0
8.0,6.84,0.0,4.0
7.0,2.06,0.0,4.0
6.0,3.57,0.0,3.0
6.0,5.14,1.0,2.0
3.0,0.0,0.0,0.0
8.0,6.44,1.0,2.0
5.0,1.0,0.0,3.0
6.0,5.0,1.0,3.0
8.0,3.7,0.0,2.0
5.0,4.0,0.0,2.0
6.0,3.4,0.0,3.0
4.0,0.0,0.0,0.0
8.0,7.39,0.0,3.0
6.0,7.1,1.0,2.0
8.0,8.79,1.0,2.0
5.0,19.0,0.0,4.0
2.0,0.0,0.0,0.0
4.0,0.0,0.0,0.0
7.0,3.28,0.0,2.0
8.0,4.48,0.0,4.0
8.0,10.72,1.0,4.0
5.0,8.67,4.0,3.0
8.0,13.47,3.0,2.0
7.0,3.1,0.0,2.0
7.0,12.45,1.0,3.0
2.0,0.0,0.0,0.0
8.0,7.0,0.0,3.0
8.0,3.1,0.0,3.0
7.0,3.51,0.0,3.0
5.0,4.5,0.0,4.0
5.0,12.0,1.0,4.0
3.0,0.0,0.0,0.0
7.0,4.8,0.0,3.0
7.0,2.76,0.0,3.0
7.0,2.96,0.0,3.0
7.0,3.84,0.0,3.0
6.0,7.0,0.0,4.0
6.0,20.67,0.0,2.0
5.0,14.9,2.0,4.0
8.0,12.99,3.0,2.0
7.0,2.0,1.0,2.0
8.0,8.81,0.0,3.0
6.0,4.4,0.0,2.0
6.0,2.87,0.0,3.0
1.0,0.0,0.0,0.0
6.0,7.8,0.0,3.0
6.0,7.0,0.0,3.0
5.0,10.0,1.0,4.0
7.0,6.21,0.0,3.0
6.0,7.6,0.0,4.0
2.0,0.0,0.0,0.0
7.0,14.69,0.0,2.0
1.0,0.0,0.0,0.0
6.0,5.58,0.0,4.0
2.0,0.0,0.0,0.0
5.0,16.0,1.0,2.0
7.0,4.7,0.0,3.0
8.0,12.57,2.0,4.0
7.0,4.55,0.0,3.0
2.0,0.0,0.0,0.0
2.0,0.0,0.0,0.0
6.0,7.0,0.0,4.0
5.0,7.0,1.0,3.0
5.0,4.28,0.0,3.0
5.0,4.18,0.0,4.0
1.0,0.0,0.0,0.0
7.0,8.93,0.0,4.0
6.0,2.0,0.0,2.0
8.0,2.8,0.0,3.0
8.0,2.0,1.0,2.0
7.0,5.22,0.0,2.0
7.0,2.6,0.0,2.0
6.0,5.0,0.0,3.0
6.0,7.0,1.0,3.0
4.0,0.0,0.0,0.0
6.0,3.63,1.0,3.0
6.0,3.33,0.0,2.0
7.0,4.4,0.0,4.0
5.0,2.36,0.0,2.0
7.0,3.9,0.0,3.0
7.0,6.0,0.0,3.0
1.0,0.0,0.0,0.0
4.0,0.0,0.0,0.0
2.0,0.0,0.0,0.0
6.0,9.0,1.0,3.0
5.0,8.14,0.0,3.0
8.0,4.74,0.0,4.0
5.0,3.32,0.0,2.0
6.0,6.73,0.0,3.0
8.0,7.05,0.0,4.0
6.0,2.6,0.0,3.0
8.0,4.21,0.0,4.0
5.0,2.07,0.0,4.0
6.0,3.6,0.0,3.0
5.0,3.0,0.0,4.0
5.0,5.77,0.0,3.0
6.0,5.07,0.0,3.0
6.0,9.53,1.0,4.0
5.0,4.71,0.0,2.0
8.0,6.52,1.0,3.0
7.0,2.48,0.0,3.0
6.0,5.36,1.0,3.0
7.0,4.7,0.0,3.0
5.0,3.9,0.0,2.0
6.0,7.5,0.0,4.0
8.0,5.0,0.0,4.0
8.0,8.0,1.0,4.0
8.0,3.12,0.0,2.0
3.0,0.0,0.0,0.0
5.0,5.0,0.0,3.0
5.0,3.96,0.0,2.0
8.0,2.04,0.0,2.0
8.0,4.73,0.0,4.0
5.0,5.0,0.0,3.0
2.0,0.0,0.0,0.0
5.0,3.15,0.0,3.0
7.0,10.0,0.0,3.0
6.0,1.76,0.0,2.0
8.0,7.09,0.0,4.0
7.0,9.91,0.0,4.0
5.0,9.41,0.0,3.0
7.0,7.0,0.0,4.0
1.0,0.0,0.0,0.0
5.0,5.0,2.0,4.0
3.0,0.0,0.0,0.0
5.0,2.61,0.0,2.0
6.0,3.0,0.0,3.0
2.0,0.0,0.0,0.0
6.0,3.0,1.0,3.0
7.0,2.98,0.0,2.0
8.0,6.0,0.0,4.0
8.0,5.6,0.0,4.0
5.0,4.4,1.0,2.0
7.0,8.85,2.0,3.0
7.0,6.0,0.0,3.0
5.0,5.73,0.0,4.0
7.0,4.64,1.0,3.0
6.0,4.51,0.0,2.0
7.0,3.0,0.0,2.0
2.0,0.0,0.0,0.0
8.0,6.53,0.0,3.0
6.0,10.58,2.0,3.0
5.0,11.07,2.0,4.0
3.0,0.0,0.0,0.0
8.0,14.0,0.0,2.0
8.0,5.23,1.0,2.0
8.0,5.0,0.0,4.0
7.0,12.64,0.0,2.0
6.0,3.17,0.0,3.0
6.0,3.96,0.0,2.0
7.0,12.76,0.0,4.0
6.0,3.0,0.0,3.0
4.0,0.0,0.0,0.0
7.0,3.58,0.0,3.0
8.0,3.4,0.0,2.0
5.0,7.61,0.0,3.0
5.0,4.4,0.0,3.0
5.0,10.82,3.0,3.0
8.0,5.42,1.0,3.0
5.0,4.41,0.0,2.0
3.0,0.0,0.0,0.0
7.0,5.52,0.0,2.0
3.0,0.0,0.0,0.0
7.0,1.57,0.0,2.0
5.0,8.73,2.0,3.0
8.0,4.0,0.0,3.0
5.0,2.0,0.0,2.0
6.0,8.28,1.0,4.0
7.0,3.16,0.0,3.0
7.0,11.7,0.0,4.0
7.0,22.11,1.0,4.0
5.0,6.57,1.0,2.0
7.0,6.0,0.0,3.0
6.0,5.18,1.0,3.0
8.0,4.0,1.0,2.0
7.0,7.0,1.0,4.0
8.0,13.18,4.0,3.0
6.0,6.2,0.0,4.0
8.0,2.96,0.0,3.0
4.0,0.0,0.0,0.0
4.0,0.0,0.0,0.0
6.0,3.73,0.0,3.0
5.0,4.44,0.0,4.0
1.0,0.0,0.0,0.0
7.0,9.59,4.0,2.0
8.0,5.46,0.0,3.0
7.0,3.9,0.0,3.0
8.0,10.78,0.0,2.0
7.0,14.56,1.0,3.0
8.0,1.7,0.0,2.0
7.0,3.44,0.0,3.0
5.0,7.0,0.0,3.0
6.0,14.32,2.0,4.0
3.0,0.0,0.0,0.0
5.0,2.6,0.0,2.0
5.0,2.35,0.0,2.0
6.0,5.11,0.0,3.0
4.0,0.0,0.0,0.0
7.0,3.91,0.0,3.0
4.0,0.0,0.0,0.0
5.0,4.0,0.0,2.0
5.0,12.81,2.0,2.0
5.0,4.28,0.0,3.0
5.0,2.84,0.0,3.0
6.0,3.51,0.0,2.0
8.0,11.85,2.0,4.0
8.0,8.0,0.0,3.0
7.0,2.6,0.0,2.0
5.0,7.88,3.0,2.0
8.0,3.3,0.0,3.0
3.0,0.0,0.0,0.0
8.0,5.4,1.0,3.0
2.0,0.0,0.0,0.0
6.0,10.69,0.0,2.0
8.0,14.0,1.0,3.0
8.0,6.0,0.0,2.0
5.0,6.15,2.0,3.0
5.0,2.4,0.0,3.0
8.0,9.13,1.0,4.0
7.0,7.0,0.0,4.0
8.0,10.8,2.0,3.0
5.0,4.74,0.0,3.0
5.0,12.8,2.0,3.0
8.0,2.91,0.0,2.0
5.0,5.65,0.0,4.0
8.0,12.8,2.0,4.0
7.0,8.0,0.0,3.0
6.0,5.76,0.0,3.0
7.0,4.0,0.0,2.0
7.0,8.7,0.0,4.0
7.0,6.03,1.0,2.0
8.0,4.68,0.0,2.0
5.0,4.91,1.0,3.0
5.0,10.0,0.0,4.0
8.0,3.0,1.0,2.0
6.0,9.93,3.0,3.0
5.0,7.0,1.0,4.0
5.0,7.53,1.0,2.0
7.0,8.81,0.0,4.0
6.0,3.98,1.0,3.0
5.0,8.0,0.0,3.0
7.0,4.0,0.0,3.0
8.0,13.26,1.0,4.0
8.0,6.81,1.0,2.0
5.0,3.0,0.0,2.0
6.0,7.44,0.0,3.0
8.0,2.0,0.0,2.0
8.0,6.0,0.0,3.0
6.0,4.7,2.0,3.0
7.0,14.48,2.0,3.0
5.0,7.68,1.0,3.0
5.0,2.31,0.0,2.0
8.0,5.0,0.0,2.0
3.0,0.0,0.0,0.0
7.0,5.46,0.0,3.0
5.0,7.13,2.0,4.0
6.0,2.0,0.0,2.0
3.0,0.0,0.0,0.0
6.0,8.1,0.0,3.0
2.0,0.0,0.0,0.0
6.0,7.0,0.0,2.0
8.0,3.0,0.0,3.0
5.0,7.0,1.0,3.0
8.0,8.0,2.0,4.0
5.0,14.0,1.0,4.0
2.0,0.0,0.0,0.0
8.0,2.9,1.0,3.0
8.0,3.71,0.0,2.0
5.0,5.51,0.0,3.0
1.0,0.0,0.0,0.0
5.0,8.34,0.0,2.0
1.0,0.0,0.0,0.0
4.0,0.0,0.0,0.0
7.0,4.87,0.0,3.0
5.0,9.22,3.0,3.0
8.0,7.86,3.0,2.0
6.0,3.02,0.0,3.0
7.0,2.22,1.0,2.0
5.0,4.8,0.0,4.0
6.0,9.0,1.0,3.0
5.0,14.0,0.0,4.0
8.0,4.71,0.0,4.0
6.0,9.61,1.0,3.0
2.0,0.0,0.0,0.0
7.0,14.61,2.0,4.0
7.0,4.0,0.0,2.0
3.0,0.0,0.0,0.0
6.0,9.68,1.0,3.0
7.0,6.36,3.0,3.0
5.0,7.09,1.0,3.0
5.0,7.0,0.0,3.0
6.0,5.0,0.0,2.0
6.0,10.7,0.0,3.0
5.0,8.48,0.0,3.0
7.0,10.04,1.0,4.0
8.0,11.61,2.0,3.0
7.0,13.84,1.0,4.0
6.0,5.75,0.0,2.0
5.0,2.67,0.0,3.0
6.0,5.8,2.0,3.0
6.0,4.4,0.0,3.0
7.0,2.3,0.0,2.0
5.0,3.2,0.0,3.0
5.0,14.88,1.0,2.0
5.0,10.97,2.0,3.0
5.0,2.0,1.0,4.0
1.0,0.0,0.0,0.0
6.0,5.0,0.0,3.0
3.0,0.0,0.0,0.0
5.0,3.07,0.0,2.0
6.0,3.5,0.0,3.0
3.0,0.0,0.0,0.0
5.0,8.87,1.0,4.0
8.0,7.2,0.0,4.0
5.0,4.42,0.0,4.0
7.0,10.86,2.0,2.0
2.0,0.0,0.0,0.0
6.0,14.14,2.0,4.0
4.0,0.0,0.0,0.0
7.0,3.47,0.0,4.0
5.0,7.3,0.0,4.0
8.0,6.38,0.0,3.0
8.0,4.0,1.0,3.0
6.0,7.0,1.0,3.0
8.0,5.67,1.0,3.0
8.0,10.0,2.0,4.0
7.0,4.28,0.0,2.0
8.0,3.0,0.0,2.0
8.0,7.96,1.0,4.0
8.0,6.98,0.0,4.0
1.0,0.0,0.0,0.0
7.0,6.43,0.0,3.0
5.0,10.81,0.0,4.0
8.0,3.42,0.0,4.0
5.0,5.36,1.0,4.0
7.0,8.41,0.0,4.0
7.0,12.76,0.0,4.0
8.0,2.5,0.0,3.0
7.0,4.0,0.0,4.0
5.0,6.99,1.0,3.0
8.0,4.0,0.0,2.0
7.0,2.52,0.0,3.0
7.0,3.36,0.0,3.0
6.0,6.31,4.0,4.0
5.0,7.79,0.0,4.0
5.0,10.2,1.0,3.0
8.0,4.0,0.0,2.0
6.0,6.3,0.0,4.0
8.0,9.0,1.0,4.0
7.0,3.45,0.0,3.0
6.0,3.54,2.0,2.0
8.0,4.83,0.0,3.0
7.0,4.0,0.0,2.0
7.0,12.0,0.0,4.0
7.0,4.89,0.0,4.0
8.0,3.8,0.0,2.0
6.0,4.5,0.0,3.0
6.0,7.0,0.0,3.0
7.0,13.45,4.0,3.0
8.0,11.96,2.0,4.0
6.0,9.93,0.0,4.0
3.0,0.0,0.0,0.0
2.0,0.0,0.0,0.0
6.0,4.47,0.0,3.0
8.0,5.49,0.0,4.0
8.0,4.09,1.0,4.0
7.0,3.01,0.0,2.0
5.0,3.4,0.0,3.0
8.0,12.2,1.0,4.0
8.0,6.36,1.0,4.0
6.0,5.12,0.0,2.0
7.0,10.15,2.0,2.0
6.0,5.32,0.0,2.0
5.0,4.89,0.0,3.0
6.0,3.0,0.0,2.0
6.0,23.73,0.0,2.0
7.0,8.0,0.0,3.0
5.0,6.0,0.0,3.0
7.0,3.39,2.0,2.0
7.0,9.79,1.0,4.0
8.0,13.19,0.0,4.0
8.0,10.1,1.0,3.0
2.0,0.0,0.0,0.0
8.0,2.0,1.0,2.0
5.0,3.9,0.0,4.0
7.0,7.68,1.0,2.0
5.0,10.85,3.0,3.0
7.0,5.0,0.0,4.0
8.0,7.0,0.0,3.0
6.0,5.75,0.0,4.0
7.0,4.0,0.0,2.0
4.0,0.0,0.0,0.0
8.0,5.2,0.0,4.0
8.0,5.65,0.0,4.0
8.0,2.0,0.0,2.0
6.0,8.0,0.0,3.0
7.0,6.24,0.0,3.0
6.0,4.46,0.0,3.0
7.0,7.0,0.0,4.0
3.0,0.0,0.0,0.0
8.0,3.92,1.0,3.0
7.0,4.0,0.0,3.0
2.0,0.0,0.0,0.0
7.0,14.37,3.0,4.0
1.0,0.0,0.0,0.0
8.0,10.0,1.0,4.0
8.0,7.0,1.0,3.0
8.0,7.05,0.0,3.0
7.0,3.99,1.0,4.0
4.0,0.0,0.0,0.0
2.0,0.0,0.0,0.0
2.0,0.0,0.0,0.0
8.0,6.85,0.0,3.0
1.0,0.0,0.0,0.0
2.0,0.0,0.0,0.0
7.0,4.23,0.0,3.0
8.0,4.98,0.0,3.0
7.0,5.89,1.0,3.0
4.0,0.0,0.0,0.0
5.0,5.16,0.0,2.0
8.0,9.01,0.0,3.0
5.0,6.0,0.0,3.0
6.0,2.82,0.0,3.0
5.0,7.78,0.0,4.0
1.0,0.0,0.0,0.0
4.0,0.0,0.0,0.0
6.0,5.92,0.0,3.0
1.0,0.0,0.0,0.0
8.0,4.1,0.0,3.0
8.0,10.0,1.0,3.0
2.0,0.0,0.0,0.0
7.0,7.07,0.0,3.0
6.0,6.7,0.0,4.0
3.0,0.0,0.0,0.0
5.0,5.06,0.0,3.0
2.0,0.0,0.0,0.0
5.0,13.24,0.0,3.0
6.0,8.0,0.0,3.0
1.0,0.0,0.0,0.0
6.0,7.0,0.0,4.0
5.0,7.88,1.0,2.0
6.0,3.09,0.0,4.0
7.0,6.68,0.0,3.0
8.0,7.0,1.0,3.0
6.0,3.3,0.0,3.0
5.0,28.0,1.0,2.0
8.0,6.63,0.0,4.0
7.0,6.0,0.0,3.0
8.0,7.0,1.0,3.0
8.0,12.28,3.0,4.0
7.0,7.0,0.0,3.0
7.0,5.2,2.0,2.0
8.0,3.63,0.0,3.0
6.0,9.55,1.0,4.0
3.0,0.0,0.0,0.0
6.0,4.0,0.0,2.0
8.0,3.0,0.0,2.0
7.0,10.92,2.0,3.0
8.0,5.41,0.0,4.0
5.0,2.0,2.0,2.0
6.0,3.7,0.0,3.0
6.0,8.7,0.0,4.0
3.0,0.0,0.0,0.0
8.0,2.0,0.0,2.0
5.0,3.6,0.0,4.0
4.0,0.0,0.0,0.0
6.0,9.37,2.0,4.0
8.0,4.85,0.0,4.0
2.0,0.0,0.0,0.0
5.0,7.44,1.0,3.0
8.0,7.21,2.0,2.0
5.0,12.22,3.0,2.0
8.0,6.93,0.0,2.0
3.0,0.0,0.0,0.0
6.0,3.44,0.0,3.0
5.0,5.36,0.0,4.0
5.0,4.61,1.0,3.0
8.0,3.3,0.0,3.0
7.0,2.0,0.0,2.0
6.0,8.93,3.0,2.0
5.0,20.2,3.0,4.0
7.0,7.0,0.0,3.0
6.0,2.0,0.0,4.0
2.0,0.0,0.0,0.0
7.0,2.0,0.0,2.0
5.0,2.0,0.0,2.0
5.0,9.86,4.0,4.0
5.0,13.0,1.0,4.0
4.0,0.0,0.0,0.0
8.0,2.8,0.0,2.0
7.0,5.04,0.0,4.0
2.0,0.0,0.0,0.0
3.0,0.0,0.0,0.0
5.0,3.0,0.0,2.0
8.0,9.7,0.0,4.0
8.0,5.16,0.0,3.0
5.0,4.0,0.0,2.0
5.0,2.82,0.0,2.0
8.0,25.72,0.0,4.0
6.0,3.39,0.0,3.0
4.0,0.0,0.0,0.0
7.0,14.0,1.0,4.0
7.0,2.8,0.0,2.0
6.0,5.1,0.0,4.0
5.0,2.6,0.0,2.0
6.0,7.84,1.0,4.0
7.0,5.76,0.0,4.0
1.0,0.0,0.0,0.0
6.0,1.0,0.0,3.0
7.0,6.0,0.0,4.0
8.0,8.0,0.0,4.0
6.0,11.72,1.0,4.0
5.0,2.4,0.0,2.0
7.0,7.03,1.0,4.0
7.0,7.12,0.0,3.0
3.0,0.0,0.0,0.0
7.0,8.46,0.0,2.0
8.0,18.0,1.0,4.0
6.0,12.47,0.0,4.0
8.0,3.57,0.0,4.0
7.0,3.2,1.0,4.0
5.0,9.0,0.0,2.0
6.0,7.0,1.0,4.0
2.0,0.0,0.0,0.0
1.0,0.0,0.0,0.0
6.0,8.0,0.0,4.0
7.0,9.29,1.0,3.0
6.0,4.14,0.0,3.0
7.0,3.0,1.0,3.0
6.0,2.7,0.0,3.0
5.0,12.41,1.0,3.0
2.0,0.0,0.0,0.0
4.0,0.0,0.0,0.0
7.0,3.9,0.0,2.0
7.0,4.8,0.0,3.0
6.0,4.6,2.0,4.0
8.0,5.0,0.0,4.0
7.0,5.0,0.0,2.0
8.0,5.67,0.0,3.0
3.0,0.0,0.0,0.0
6.0,4.21,0.0,4.0
5.0,3.48,0.0,3.0
6.0,3.43,0.0,4.0
5.0,3.1,1.0,2.0
7.0,5.0,0.0,2.0
8.0,6.0,1.0,2.0
6.0,8.83,2.0,4.0
7.0,4.31,0.0,3.0
6.0,5.55,0.0,3.0
5.0,6.47,1.0,3.0
8.0,6.14,0.0,4.0
6.0,2.36,0.0,2.0
5.0,7.51,1.0,3.0
8.0,4.38,0.0,3.0
8.0,10.71,3.0,3.0
7.0,4.45,0.0,3.0
5.0,1.6,1.0,3.0
6.0,5.0,0.0,2.0
6.0,4.53,0.0,3.0
7.0,1.0,1.0,3.0
6.0,3.52,0.0,3.0
8.0,4.74,0.0,3.0
7.0,2.19,1.0,4.0
8.0,14.0,2.0,4.0
5.0,3.69,0.0,4.0
6.0,2.27,0.0,2.0
7.0,7.79,0.0,3.0
3.0,0.0,0.0,0.0
5.0,5.2,1.0,2.0
6.0,4.0,0.0,4.0
4.0,0.0,0.0,0.0
6.0,6.77,2.0,2.0
8.0,4.08,0.0,2.0
6.0,7.27,0.0,3.0
4.0,0.0,0.0,0.0
8.0,10.45,0.0,3.0
8.0,1.76,0.0,3.0
8.0,6.0,0.0,4.0
6.0,3.0,0.0,2.0
7.0,3.0,1.0,2.0
7.0,11.08,1.0,3.0
3.0,0.0,0.0,0.0
5.0,9.5,3.0,3.0
6.0,6.0,0.0,4.0
7.0,5.01,0.0,3.0
7.0,9.5,1.0,4.0
4.0,0.0,0.0,0.0
6.0,4.0,1.0,3.0
7.0,3.5,0.0,3.0
5.0,4.39,1.0,2.0
7.0,4.33,0.0,4.0
8.0,2.7,0.0,2.0
8.0,7.0,1.0,3.0
5.0,5.93,0.0,4.0
8.0,5.99,0.0,4.0
6.0,2.8,0.0,2.0
6.0,5.3,0.0,4.0
6.0,6.56,0.0,4.0
1.0,0.0,0.0,0.0
5.0,14.26,2.0,4.0
8.0,3.33,0.0,3.0
5.0,12.0,0.0,4.0
8.0,3.6,0.0,3.0
7.0,5.31,0.0,3.0
7.0,2.28,0.0,2.0
7.0,1.21,0.0,2.0
8.0,4.42,0.0,2.0
5.0,0.5,0.0,2.0
6.0,2.33,0.0,2.0
6.0,3.22,0.0,3.0
5.0,11.0,1.0,4.0
7.0,3.0,0.0,2.0
8.0,12.6,1.0,4.0
2.0,0.0,0.0,0.0
5.0,6.84,0.0,4.0
8.0,8.8,0.0,4.0
6.0,10.0,1.0,3.0
7.0,4.83,0.0,4.0
8.0,2.49,0.0,3.0
6.0,2.95,0.0,2.0
7.0,2.3,0.0,2.0
7.0,3.58,0.0,2.0
1.0,0.0,0.0,0.0
5.0,8.0,0.0,4.0
5.0,3.91,0.0,2.0
8.0,6.69,1.0,3.0
3.0,0.0,0.0,0.0
5.0,3.55,1.0,2.0
7.0,3.6,0.0,3.0
6.0,9.32,1.0,2.0
8.0,2.5,0.0,3.0
8.0,4.56,0.0,4.0
7.0,5.9,0.0,3.0
4.0,0.0,0.0,0.0
4.0,0.0,0.0,0.0
5.0,6.37,0.0,2.0
7.0,2.61,0.0,2.0
6.0,7.55,3.0,3.0
4.0,0.0,0.0,0.0
3.0,0.0,0.0,0.0
6.0,4.37,0.0,4.0
8.0,6.0,0.0,4.0
6.0,2.53,0.0,2.0
8.0,1.0,0.0,2.0
2.0,0.0,0.0,0.0
5.0,3.29,0.0,2.0
6.0,3.6,0.0,3.0
8.0,4.78,0.0,4.0
6.0,3.1,0.0,2.0
7.0,2.5,0.0,2.0
6.0,2.89,0.0,2.0
7.0,3.74,1.0,3.0
5.0,5.56,0.0,4.0
8.0,4.3,0.0,3.0
8.0,3.76,0.0,3.0
2.0,0.0,0.0,0.0
8.0,4.42,0.0,3.0
5.0,3.26,0.0,2.0
6.0,5.42,0.0,2.0
5.0,16.0,0.0,4.0
1.0,0.0,0.0,0.0
4.0,0.0,0.0,0.0
7.0,9.4,3.0,4.0
8.0,13.12,3.0,2.0
7.0,8.59,1.0,3.0
5.0,13.03,0.0,4.0
6.0,2.4,0.0,2.0
7.0,5.02,0.0,3.0
6.0,6.79,1.0,4.0
3.0,0.0,0.0,0.0
8.0,7.0,0.0,4.0
8.0,11.12,1.0,2.0
7.0,2.8,0.0,2.0
7.0,7.53,1.0,2.0
8.0,3.21,0.0,3.0
8.0,6.59,3.0,2.0
8.0,4.4,0.0,3.0
7.0,5.0,0.0,2.0
7.0,10.48,1.0,3.0
7.0,8.0,0.0,4.0
8.0,13.76,3.0,3.0
5.0,5.1,0.0,4.0
6.0,3.6,0.0,3.0
7.0,10.54,1.0,3.0
8.0,9.01,0.0,4.0
6.0,5.0,1.0,2.0
5.0,4.37,0.0,4.0
7.0,14.87,0.0,4.0
5.0,4.0,0.0,2.0
7.0,1.9,0.0,2.0
6.0,8.53,2.0,3.0
8.0,10.0,1.0,3.0
3.0,0.0,0.0,0.0
6.0,4.0,1.0,2.0
8.0,4.5,0.0,3.0
6.0,5.9,0.0,4.0
6.0,4.0,0.0,2.0
5.0,5.65,0.0,4.0
6.0,2.59,0.0,3.0
7.0,3.89,0.0,4.0
7.0,2.54,0.0,2.0
8.0,3.19,0.0,3.0
7.0,2.12,0.0,4.0
7.0,5.01,0.0,4.0
6.0,9.0,1.0,3.0
7.0,3.41,0.0,2.0
7.0,4.96,0.0,4.0
7.0,4.5,0.0,4.0
6.0,3.63,0.0,3.0
6.0,7.9,0.0,4.0
8.0,6.2,0.0,4.0
5.0,6.81,0.0,4.0
6.0,4.7,1.0,4.0
5.0,2.3,0.0,2.0
6.0,9.0,1.0,3.0
6.0,2.41,0.0,2.0
5.0,5.24,0.0,3.0
7.0,3.99,0.0,3.0
5.0,4.0,0.0,2.0
8.0,3.41,0.0,2.0
8.0,4.33,0.0,3.0
6.0,6.22,4.0,3.0
5.0,11.18,0.0,4.0
7.0,4.19,0.0,2.0
7.0,19.92,3.0,4.0
8.0,2.97,0.0,2.0
4.0,0.0,0.0,0.0
8.0,2.54,0.0,2.0
6.0,5.7,0.0,2.0
8.0,7.65,0.0,3.0
6.0,5.0,2.0,4.0
8.0,4.47,0.0,2.0
6.0,5.28,0.0,2.0
5.0,4.8,0.0,2.0
6.0,6.0,0.0,3.0
7.0,2.8,0.0,3.0
5.0,4.87,0.0,4.0
8.0,14.81,3.0,2.0
6.0,7.0,0.0,4.0
2.0,0.0,0.0,0.0
7.0,4.27,0.0,2.0
1.0,0.0,0.0,0.0
6.0,6.43,0.0,3.0
5.0,5.46,0.0,3.0
5.0,5.73,1.0,4.0
1.0,0.0,0.0,0.0
6.0,4.5,1.0,4.0
1.0,0.0,0.0,0.0
5.0,9.0,1.0,3.0
6.0,4.33,0.0,3.0
6.0,2.66,0.0,3.0
6.0,10.1,1.0,3.0
6.0,4.41,0.0,3.0
6.0,8.05,0.0,4.0
7.0,2.9,0.0,3.0
6.0,3.29,0.0,2.0
5.0,12.6,0.0,4.0
5.0,4.04,0.0,3.0
5.0,5.3,1.0,4.0
8.0,9.0,0.0,4.0
8.0,3.84,0.0,2.0
8.0,4.4,0.0,4.0
5.0,3.0,0.0,2.0
1.0,0.0,0.0,0.0
6.0,5.0,0.0,4.0
5.0,3.41,0.0,3.0
6.0,9.97,0.0,4.0
5.0,10.0,0.0,2.0
6.0,6.02,0.0,4.0
7.0,7.38,2.0,4.0
7.0,3.04,0.0,3.0
6.0,7.0,0.0,3.0
6.0,5.3,0.0,4.0
5.0,12.2,1.0,4.0
1.0,0.0,0.0,0.0
5.0,1.86,1.0,3.0
7.0,5.18,0.0,2.0
5.0,5.01,0.0,2.0
1.0,0.0,0.0,0.0
4.0,0.0,0.0,0.0
5.0,14.0,1.0,4.0
5.0,3.0,0.0,2.0
8.0,2.07,0.0,2.0
7.0,10.5,2.0,4.0
8.0,8.0,1.0,3.0
6.0,5.2,0.0,4.0
2.0,0.0,0.0,0.0
1.0,0.0,0.0,0.0
7.0,3.0,0.0,4.0
1.0,0.0,0.0,0.0
5.0,5.74,0.0,3.0
5.0,3.78,0.0,3.0
8.0,6.42,0.0,4.0
8.0,4.74,0.0,2.0
2.0,0.0,0.0,0.0
6.0,3.84,0.0,3.0
6.0,5.6,0.0,3.0
6.0,2.0,0.0,2.0
7.0,4.96,0.0,3.0
8.0,4.0,1.0,4.0
3.0,0.0,0.0,0.0
7.0,2.24,0.0,3.0
6.0,2.17,0.0,3.0
7.0,7.54,1.0,3.0
8.0,11.87,1.0,3.0
5.0,2.7,0.0,2.0
7.0,5.0,0.0,3.0
6.0,4.4,1.0,3.0
6.0,2.0,0.0,2.0
5.0,7.45,2.0,3.0
5.0,8.0,0.0,4.0
7.0,7.0,0.0,3.0
3.0,0.0,0.0,0.0
8.0,4.48,0.0,3.0
6.0,3.7,0.0,3.0
5.0,11.08,1.0,2.0
8.0,7.25,0.0,3.0
6.0,8.0,1.0,3.0
6.0,10.11,1.0,4.0
6.0,12.9,3.0,4.0
6.0,6.58,0.0,3.0
7.0,6.34,0.0,4.0
4.0,0.0,0.0,0.0
5.0,10.15,1.0,3.0
2.0,0.0,0.0,0.0
5.0,8.0,0.0,3.0
8.0,3.37,0.0,3.0
8.0,11.39,2.0,3.0
5.0,7.02,0.0,2.0
5.0,4.81,0.0,2.0
1.0,0.0,0.0,0.0
6.0,4.0,0.0,2.0
8.0,4.0,0.0,2.0
5.0,4.19,0.0,4.0
4.0,0.0,0.0,0.0
3.0,0.0,0.0,0.0
4.0,0.0,0.0,0.0
8.0,1.0,0.0,2.0
7.0,7.0,0.0,4.0
1.0,0.0,0.0,0.0
6.0,8.91,0.0,4.0
1.0,0.0,0.0,0.0
1.0,0.0,0.0,0.0
7.0,9.43,0.0,4.0
5.0,9.03,3.0,2.0
7.0,9.47,1.0,2.0
5.0,4.86,1.0,3.0
2.0,0.0,0.0,0.0
5.0,11.5,1.0,4.0
1.0,0.0,0.0,0.0
4.0,0.0,0.0,0.0
6.0,2.61,0.0,3.0
5.0,7.33,0.0,4.0
6.0,7.0,0.0,3.0
7.0,3.32,0.0,3.0
5.0,7.3,0.0,4.0
5.0,2.28,0.0,3.0
5.0,8.0,0.0,4.0
8.0,9.0,0.0,4.0
7.0,8.93,0.0,4.0
1.0,0.0,0.0,0.0
7.0,10.7,2.0,4.0
5.0,9.53,0.0,4.0
6.0,10.21,2.0,3.0
5.0,5.46,0.0,4.0
3.0,0.0,0.0,0.0
5.0,7.0,0.0,3.0
8.0,6.15,0.0,3.0
7.0,4.97,0.0,3.0
8.0,4.18,0.0,4.0
2.0,0.0,0.0,0.0
5.0,6.23,2.0,4.0
6.0,11.0,0.0,4.0
7.0,7.0,1.0,3.0
8.0,7.66,2.0,4.0
3.0,0.0,0.0,0.0
6.0,8.01,1.0,4.0
7.0,4.0,0.0,2.0
6.0,13.0,1.0,4.0
1.0,0.0,0.0,0.0
6.0,5.3,0.0,2.0
6.0,7.0,0.0,4.0
3.0,0.0,0.0,0.0
6.0,2.78,0.0,2.0
8.0,4.19,0.0,3.0
8.0,5.2,0.0,4.0
7.0,4.76,0.0,3.0
5.0,5.11,1.0,4.0
7.0,6.0,0.0,3.0
8.0,9.66,2.0,4.0
7.0,2.23,0.0,2.0
8.0,4.2,0.0,2.0
7.0,4.84,0.0,4.0
5.0,5.77,1.0,2.0
2.0,0.0,0.0,0.0
5.0,2.0,0.0,4.0
4.0,0.0,0.0,0.0
7.0,3.9,0.0,2.0
6.0,15.2,0.0,4.0
6.0,2.81,0.0,3.0
6.0,7.47,0.0,3.0
5.0,6.0,0.0,3.0
5.0,7.97,2.0,2.0
7.0,5.66,0.0,4.0
5.0,3.88,0.0,4.0
5.0,4.0,1.0,3.0
6.0,2.9,2.0,2.0
5.0,4.34,0.0,3.0
7.0,5.0,0.0,3.0
7.0,2.9,0.0,3.0
3.0,0.0,0.0,0.0
1.0,0.0,0.0,0.0
8.0,2.74,0.0,2.0
6.0,11.52,1.0,2.0
2.0,0.0,0.0,0.0
7.0,4.63,0.0,3.0
7.0,12.4,2.0,2.0
7.0,7.0,2.0,3.0
3.0,0.0,0.0,0.0
3.0,0.0,0.0,0.0
6.0,7.0,0.0,4.0
7.0,8.0,0.0,4.0
7.0,5.04,0.0,3.0
3.0,0.0,0.0,0.0
2.0,0.0,0.0,0.0
5.0,8.62,1.0,4.0
6.0,4.46,0.0,3.0
5.0,5.7,1.0,3.0
7.0,1.52,0.0,3.0
8.0,6.0,0.0,3.0
6.0,5.58,1.0,4.0
1.0,0.0,0.0,0.0
8.0,4.25,0.0,3.0
6.0,8.0,0.0,4.0
5.0,7.97,0.0,4.0
7.0,8.0,0.0,4.0
4.0,0.0,0.0,0.0
4.0,0.0,0.0,0.0
6.0,4.93,0.0,3.0
5.0,6.88,2.0,4.0
6.0,10.1,0.0,4.0
3.0,0.0,0.0,0.0
5.0,4.51,2.0,3.0
5.0,8.1,0.0,4.0
4.0,0.0,0.0,0.0
8.0,12.98,2.0,3.0
8.0,3.0,0.0,3.0
7.0,6.62,0.0,4.0
8.0,3.8,0.0,3.0
7.0,2.0,0.0,2.0
7.0,7.0,0.0,4.0
7.0,5.8,0.0,4.0
7.0,6.1,0.0,3.0
6.0,5.0,0.0,3.0
8.0,4.33,2.0,4.0
8.0,6.0,0.0,4.0
8.0,3.0,0.0,3.0
6.0,2.0,0.0,2.0
3.0,0.0,0.0,0.0
8.0,3.33,1.0,3.0
6.0,4.0,0.0,3.0
5.0,4.23,0.0,3.0
6.0,14.16,2.0,3.0
3.0,0.0,0.0,0.0
8.0,7.0,0.0,2.0
5.0,5.34,0.0,3.0
5.0,5.06,0.0,4.0
6.0,5.4,0.0,3.0
5.0,14.0,0.0,3.0
7.0,3.5,0.0,3.0
8.0,4.1,0.0,3.0
6.0,1.9,0.0,2.0
6.0,3.97,0.0,2.0
5.0,5.5,0.0,3.0
8.0,4.1,0.0,3.0
6.0,4.56,1.0,4.0
5.0,3.18,0.0,3.0
7.0,3.71,0.0,4.0
6.0,3.41,0.0,2.0
7.0,4.86,0.0,4.0
6.0,6.8,0.0,3.0
2.0,0.0,0.0,0.0
7.0,7.0,0.0,2.0
5.0,8.68,1.0,4.0
7.0,9.09,1.0,4.0
6.0,9.0,0.0,3.0
1.0,0.0,0.0,0.0
7.0,8.69,3.0,4.0
7.0,8.0,2.0,4.0
6.0,3.66,0.0,3.0
5.0,12.04,5.0,4.0
7.0,3.4,0.0,4.0
7.0,2.39,0.0,3.0
5.0,7.6,0.0,2.0
6.0,5.36,0.0,3.0
6.0,4.8,0.0,4.0
7.0,9.0,1.0,3.0
5.0,3.7,0.0,3.0
6.0,5.37,0.0,4.0
5.0,6.2,0.0,3.0
6.0,14.03,4.0,4.0
7.0,4.01,0.0,2.0
1.0,0.0,0.0,0.0
8.0,3.0,0.0,2.0
7.0,7.5,1.0,4.0
1.0,0.0,0.0,0.0
6.0,11.7,2.0,3.0
4.0,0.0,0.0,0.0
1.0,0.0,0.0,0.0
5.0,2.0,0.0,2.0
6.0,4.58,0.0,3.0
5.0,14.19,2.0,4.0
5.0,1.63,0.0,2.0
5.0,2.71,0.0,4.0
8.0,4.5,0.0,3.0
2.0,0.0,0.0,0.0
6.0,11.53,4.0,3.0
7.0,11.46,1.0,3.0
6.0,2.84,0.0,2.0
6.0,6.7,2.0,4.0
8.0,7.17,0.0,4.0
5.0,6.73,2.0,3.0
8.0,7.2,0.0,4.0
5.0,7.0,0.0,3.0
8.0,3.83,0.0,3.0
4.0,0.0,0.0,0.0
7.0,7.44,0.0,4.0
2.0,0.0,0.0,0.0
8.0,4.17,1.0,3.0
6.0,4.0,2.0,4.0
2.0,0.0,0.0,0.0
7.0,7.97,0.0,3.0
5.0,3.96,0.0,3.0
7.0,3.0,0.0,2.0
4.0,0.0,0.0,0.0
7.0,12.0,1.0,3.0
7.0,2.9,0.0,2.0
7.0,8.0,0.0,2.0
5.0,5.18,1.0,3.0
7.0,3.06,0.0,3.0
1.0,0.0,0.0,0.0
3.0,0.0,0.0,0.0
6.0,3.77,0.0,4.0
6.0,3.09,0.0,3.0
5.0,3.6,0.0,3.0
7.0,5.11,0.0,3.0
1.0,0.0,0.0,0.0
7.0,9.0,0.0,4.0
7.0,6.02,0.0,3.0
3.0,0.0,0.0,0.0
5.0,6.51,0.0,2.0
6.0,4.2,0.0,3.0
6.0,13.47,2.0,4.0
8.0,3.84,0.0,3.0
6.0,6.6,0.0,2.0
2.0,0.0,0.0,0.0
6.0,6.0,0.0,4.0
7.0,7.65,1.0,4.0
8.0,4.3,0.0,3.0
5.0,14.39,0.0,3.0
7.0,6.2,0.0,4.0
5.0,7.42,1.0,4.0
7.0,9.88,2.0,3.0
8.0,6.0,0.0,3.0
4.0,0.0,0.0,0.0
6.0,3.95,0.0,3.0
7.0,9.0,0.0,4.0
7.0,2.4,0.0,2.0
5.0,20.0,0.0,2.0
5.0,3.8,1.0,2.0
7.0,5.35,1.0,3.0
7.0,7.0,0.0,3.0
8.0,5.54,0.0,2.0
7.0,9.2,3.0,3.0
6.0,3.27,0.0,2.0
6.0,8.0,0.0,3.0
6.0,10.57,3.0,4.0
3.0,0.0,0.0,0.0
7.0,3.08,0.0,2.0
4.0,0.0,0.0,0.0
3.0,0.0,0.0,0.0
6.0,3.21,0.0,2.0
8.0,2.4,0.0,4.0
4.0,0.0,0.0,0.0
7.0,5.9,0.0,4.0
6.0,3.68,1.0,3.0
8.0,3.2,0.0,3.0
8.0,2.85,0.0,2.0
5.0,3.26,0.0,2.0
1.0,0.0,0.0,0.0
4.0,0.0,0.0,0.0
2.0,0.0,0.0,0.0
8.0,5.16,1.0,3.0
5.0,3.26,1.0,3.0
6.0,4.3,0.0,2.0
5.0,5.0,0.0,4.0
6.0,3.5,0.0,3.0
8.0,2.88,0.0,2.0
5.0,4.94,0.0,3.0
8.0,4.97,0.0,2.0
2.0,0.0,0.0,0.0
8.0,1.63,0.0,4.0
8.0,12.97,0.0,3.0
6.0,10.0,1.0,4.0
6.0,4.28,0.0,3.0
8.0,8.53,4.0,3.0
7.0,11.2,2.0,4.0
6.0,4.0,0.0,2.0
1.0,0.0,0.0,0.0
6.0,6.97,3.0,4.0
8.0,5.0,0.0,3.0
6.0,7.6,0.0,4.0
7.0,15.76,4.0,2.0
8.0,5.33,0.0,4.0
2.0,0.0,0.0,0.0
6.0,4.48,0.0,3.0
5.0,2.93,0.0,3.0
8.0,7.07,3.0,3.0
6.0,7.9,3.0,2.0
8.0,8.0,1.0,2.0
6.0,4.34,0.0,3.0
5.0,3.1,0.0,4.0
5.0,5.92,0.0,3.0
8.0,3.04,0.0,3.0
1.0,0.0,0.0,0.0
1.0,0.0,0.0,0.0
7.0,4.53,0.0,3.0
5.0,8.0,1.0,4.0
8.0,5.0,0.0,3.0
8.0,11.39,0.0,4.0
6.0,7.0,0.0,4.0
3.0,0.0,0.0,0.0
5.0,3.33,0.0,2.0
5.0,5.0,0.0,4.0
5.0,7.0,1.0,3.0
7.0,2.84,0.0,2.0
8.0,6.8,0.0,4.0
7.0,7.0,0.0,4.0
7.0,7.0,0.0,4.0
5.0,5.63,0.0,4.0
6.0,11.16,1.0,2.0
8.0,3.11,0.0,2.0
4.0,0.0,0.0,0.0
8.0,11.46,1.0,4.0
8.0,3.11,0.0,3.0
6.0,8.4,1.0,4.0
8.0,3.11,0.0,3.0
5.0,9.0,0.0,3.0
8.0,6.0,0.0,3.0
8.0,3.0,0.0,2.0
5.0,4.52,0.0,2.0
8.0,4.2,0.0,4.0
8.0,7.0,1.0,3.0
7.0,8.93,2.0,2.0
8.0,3.0,0.0,2.0
4.0,0.0,0.0,0.0
5.0,13.4,2.0,4.0
1.0,0.0,0.0,0.0
7.0,6.0,0.0,3.0
6.0,7.0,0.0,4.0
6.0,1.92,0.0,2.0
7.0,6.0,2.0,4.0
7.0,9.0,2.0,3.0
6.0,2.13,0.0,3.0
8.0,8.0,0.0,4.0
8.0,8.0,0.0,4.0
2.0,0.0,0.0,0.0
7.0,5.83,0.0,4.0
8.0,3.89,0.0,3.0
3.0,0.0,0.0,0.0
5.0,2.0,0.0,2.0
5.0,3.04,0.0,2.0
8.0,6.55,0.0,2.0
6.0,14.29,2.0,2.0
2.0,0.0,0.0,0.0
1.0,0.0,0.0,0.0
7.0,2.0,0.0,2.0
5.0,7.0,0.0,4.0
7.0,4.76,1.0,3.0
1.0,0.0,0.0,0.0
3.0,0.0,0.0,0.0
1.0,0.0,0.0,0.0
7.0,3.16,0.0,3.0
8.0,5.33,0.0,3.0
7.0,5.32,0.0,4.0
6.0,5.74,1.0,4.0
7.0,4.1,0.0,3.0
5.0,5.53,1.0,4.0
5.0,3.54,0.0,3.0
5.0,14.24,1.0,4.0
7.0,14.58,3.0,3.0
7.0,5.06,0.0,4.0
8.0,6.04,0.0,4.0
6.0,8.24,0.0,2.0
4.0,0.0,0.0,0.0
7.0,1.0,0.0,2.0
8.0,7.0,0.0,3.0
6.0,4.08,0.0,2.0
8.0,6.31,3.0,4.0
7.0,5.59,0.0,4.0
6.0,12.89,2.0,3.0
5.0,4.46,0.0,2.0
5.0,2.7,0.0,2.0
4.0,0.0,0.0,0.0
8.0,6.16,0.0,4.0
7.0,4.0,0.0,2.0
1.0,0.0,0.0,0.0
2.0,0.0,0.0,0.0
7.0,9.0,0.0,4.0
7.0,3.0,0.0,2.0
5.0,4.7,0.0,2.0
5.0,4.24,0.0,3.0
5.0,5.1,0.0,3.0
8.0,15.0,0.0,2.0
8.0,9.5,1.0,2.0
5.0,9.0,0.0,4.0
7.0,3.79,0.0,3.0
6.0,4.29,0.0,3.0
5.0,5.42,0.0,4.0
8.0,11.37,4.0,2.0
6.0,3.5,0.0,3.0
7.0,4.28,0.0,3.0
7.0,8.0,0.0,4.0
7.0,3.0,0.0,2.0
2.0,0.0,0.0,0.0
6.0,5.0,1.0,2.0
6.0,4.0,0.0,2.0
5.0,7.93,3.0,3.0
6.0,3.0,2.0,3.0
7.0,6.15,0.0,3.0
8.0,12.16,0.0,4.0
6.0,7.26,1.0,4.0
4.0,0.0,0.0,0.0
6.0,8.04,2.0,2.0
5.0,4.87,0.0,3.0
8.0,1.7,0.0,2.0
4.0,0.0,0.0,0.0
8.0,4.42,0.0,2.0
2.0,0.0,0.0,0.0
6.0,7.0,1.0,4.0
7.0,5.4,0.0,4.0
6.0,3.0,0.0,2.0
5.0,13.96,1.0,2.0
4.0,0.0,0.0,0.0
5.0,4.82,0.0,4.0
6.0,3.8,0.0,3.0
6.0,13.56,1.0,3.0
6.0,7.0,0.0,3.0
7.0,3.6,0.0,4.0
6.0,5.86,0.0,4.0
7.0,3.7,0.0,3.0
8.0,6.0,0.0,3.0
8.0,6.52,1.0,3.0
5.0,10.1,2.0,3.0
2.0,0.0,0.0,0.0
4.0,0.0,0.0,0.0
4.0,0.0,0.0,0.0
8.0,12.34,4.0,4.0
5.0,2.84,0.0,3.0
2.0,0.0,0.0,0.0
8.0,8.23,0.0,4.0
8.0,3.0,0.0,2.0
7.0,13.0,1.0,4.0
7.0,2.11,0.0,2.0
5.0,4.75,0.0,2.0
8.0,5.0,0.0,4.0
6.0,4.68,1.0,2.0
8.0,2.53,0.0,2.0
6.0,3.0,0.0,2.0
8.0,3.68,0.0,3.0
8.0,3.23,1.0,2.0
8.0,4.12,0.0,3.0
5.0,15.36,2.0,4.0
8.0,14.0,2.0,4.0
8.0,5.97,0.0,4.0
5.0,13.66,0.0,3.0
8.0,2.97,0.0,2.0
5.0,5.2,0.0,3.0
8.0,9.22,0.0,4.0
7.0,27.93,0.0,3.0
6.0,9.0,0.0,4.0
4.0,0.0,0.0,0.0
8.0,6.06,0.0,4.0
6.0,7.0,1.0,3.0
5.0,3.43,0.0,3.0
5.0,3.0,0.0,2.0
8.0,10.55,1.0,3.0
8.0,6.05,0.0,3.0
4.0,0.0,0.0,0.0
6.0,12.0,0.0,2.0
7.0,5.0,0.0,3.0
7.0,4.9,0.0,3.0
1.0,0.0,0.0,0.0
7.0,11.08,2.0,3.0
7.0,5.13,0.0,4.0
8.0,2.0,0.0,2.0
5.0,11.4,1.0,3.0
4.0,0.0,0.0,0.0
5.0,31.6,0.0,4.0
8.0,4.32,0.0,3.0
6.0,3.38,0.0,2.0
6.0,14.81,3.0,4.0
7.0,8.83,0.0,4.0
5.0,9.0,0.0,3.0
2.0,0.0,0.0,0.0
3.0,0.0,0.0,0.0
5.0,8.61,3.0,3.0
3.0,0.0,0.0,0.0
3.0,0.0,0.0,0.0
7.0,8.7,0.0,2.0
8.0,9.77,0.0,4.0
7.0,6.46,0.0,4.0
6.0,4.8,0.0,4.0
6.0,3.28,1.0,4.0
3.0,0.0,0.0,0.0
7.0,2.0,0.0,2.0
6.0,14.25,3.0,4.0
6.0,4.0,0.0,2.0
7.0,4.0,0.0,2.0
7.0,2.6,0.0,4.0
6.0,10.0,1.0,3.0
5.0,12.48,2.0,2.0
7.0,2.44,0.0,2.0
5.0,14.0,0.0,3.0
5.0,2.66,0.0,3.0
8.0,6.68,2.0,2.0
5.0,4.05,1.0,2.0
6.0,3.0,0.0,2.0
6.0,4.38,0.0,3.0
6.0,8.92,2.0,3.0
5.0,1.56,0.0,3.0
5.0,8.46,0.0,2.0
6.0,5.0,0.0,2.0
8.0,7.0,0.0,4.0
8.0,6.8,0.0,4.0
8.0,4.68,0.0,4.0
8.0,4.01,0.0,3.0
7.0,5.02,0.0,3.0
6.0,3.2,0.0,4.0
6.0,2.69,0.0,2.0
2.0,0.0,0.0,0.0
6.0,4.23,2.0,2.0
6.0,2.62,0.0,3.0
6.0,4.72,1.0,3.0
8.0,3.96,0.0,2.0
7.0,24.89,0.0,4.0
8.0,2.38,0.0,3.0
7.0,3.5,0.0,2.0
8.0,8.19,2.0,4.0
5.0,13.82,2.0,2.0
7.0,4.0,0.0,3.0
8.0,3.8,0.0,3.0
8.0,10.21,3.0,4.0
5.0,6.41,4.0,4.0
7.0,5.0,0.0,4.0
5.0,1.0,0.0,2.0
7.0,14.15,2.0,4.0
8.0,4.7,0.0,3.0
8.0,3.4,0.0,3.0
8.0,3.0,0.0,2.0
7.0,15.07,0.0,4.0
8.0,5.0,0.0,3.0
8.0,2.84,0.0,2.0
7.0,4.21,0.0,2.0
5.0,10.0,0.0,3.0
6.0,6.59,1.0,3.0
7.0,12.17,3.0,4.0
7.0,2.32,0.0,4.0
7.0,3.0,0.0,2.0
8.0,4.5,0.0,3.0
7.0,7.0,1.0,3.0
7.0,2.29,0.0,3.0
7.0,13.97,2.0,4.0
5.0,3.0,2.0,2.0
6.0,2.0,0.0,2.0
3.0,0.0,0.0,0.0
7.0,5.66,0.0,3.0
5.0,4.9,1.0,2.0
7.0,4.51,0.0,4.0
7.0,3.0,0.0,2.0
8.0,4.37,0.0,4.0
7.0,4.0,0.0,3.0
7.0,6.59,0.0,3.0
5.0,13.68,3.0,4.0
8.0,1.99,0.0,3.0
8.0,5.0,1.0,2.0
8.0,2.96,0.0,3.0
5.0,3.67,0.0,3.0
8.0,6.75,0.0,4.0
6.0,7.77,4.0,3.0
7.0,5.27,1.0,4.0
8.0,0.34,0.0,4.0
8.0,4.1,2.0,3.0
8.0,6.08,1.0,3.0
7.0,5.79,0.0,3.0
8.0,2.0,0.0,2.0
6.0,13.32,5.0,2.0
8.0,3.98,0.0,3.0
2.0,0.0,0.0,0.0
8.0,9.55,1.0,3.0
8.0,5.0,1.0,2.0
7.0,4.37,1.0,3.0
5.0,9.0,0.0,3.0
7.0,5.47,1.0,3.0
6.0,5.59,0.0,2.0
6.0,14.39,1.0,2.0
3.0,0.0,0.0,0.0
5.0,2.0,0.0,2.0
8.0,6.0,0.0,4.0
8.0,5.84,0.0,3.0
8.0,6.38,0.0,4.0
6.0,9.0,0.0,4.0
7.0,3.8,0.0,3.0
2.0,0.0,0.0,0.0
7.0,6.57,2.0,2.0
5.0,12.13,1.0,4.0
6.0,5.31,1.0,3.0
7.0,5.71,0.0,2.0
6.0,0.66,1.0,2.0
8.0,4.38,0.0,2.0
6.0,6.74,1.0,2.0
5.0,4.8,0.0,3.0
2.0,0.0,0.0,0.0
8.0,5.0,0.0,2.0
5.0,7.0,0.0,2.0
1.0,0.0,0.0,0.0
5.0,5.0,0.0,4.0
8.0,12.02,3.0,2.0
6.0,4.0,0.0,3.0
5.0,5.83,0.0,3.0
4.0,0.0,0.0,0.0
5.0,4.68,0.0,4.0
7.0,5.36,0.0,3.0
8.0,8.0,0.0,4.0
6.0,3.31,0.0,3.0
8.0,4.4,0.0,4.0
5.0,4.4,0.0,2.0
6.0,3.23,0.0,2.0
3.0,0.0,0.0,0.0
7.0,8.0,0.0,4.0
8.0,5.06,0.0,3.0
7.0,5.0,1.0,4.0
7.0,8.0,1.0,3.0
5.0,5.73,0.0,4.0
5.0,8.0,0.0,2.0
7.0,6.78,0.0,2.0
6.0,3.81,0.0,3.0
3.0,0.0,0.0,0.0
8.0,7.92,0.0,4.0
7.0,4.0,0.0,2.0
7.0,5.0,1.0,3.0
5.0,10.0,0.0,3.0
5.0,14.23,1.0,4.0
7.0,5.13,0.0,4.0
5.0,8.0,0.0,4.0
7.0,4.43,0.0,4.0
7.0,12.1,1.0,3.0
7.0,4.45,0.0,4.0
7.0,8.56,0.0,4.0
5.0,5.4,0.0,3.0
5.0,0.91,0.0,3.0
5.0,6.0,0.0,4.0
7.0,8.53,1.0,3.0
8.0,5.8,3.0,3.0
7.0,10.52,0.0,3.0
3.0,0.0,0.0,0.0
8.0,10.03,1.0,4.0
8.0,3.0,1.0,2.0
7.0,3.3,3.0,3.0
1.0,0.0,0.0,0.0
7.0,3.2,0.0,2.0
7.0,9.15,0.0,4.0
8.0,4.16,0.0,3.0
6.0,5.5,0.0,4.0
5.0,4.94,0.0,4.0
8.0,21.56,0.0,4.0
5.0,3.54,0.0,2.0
6.0,3.78,0.0,2.0
7.0,2.47,1.0,3.0
7.0,5.89,0.0,2.0
3.0,0.0,0.0,0.0
7.0,9.0,1.0,4.0
6.0,6.25,0.0,3.0
5.0,7.57,0.0,2.0
7.0,2.6,0.0,3.0
5.0,5.19,1.0,2.0
6.0,3.1,0.0,3.0
7.0,4.0,0.0,2.0
8.0,5.25,0.0,4.0
4.0,0.0,0.0,0.0
7.0,9.9,1.0,4.0
3.0,0.0,0.0,0.0
6.0,5.27,0.0,3.0
6.0,3.21,0.0,3.0
8.0,4.2,0.0,3.0
6.0,5.08,0.0,3.0
3.0,0.0,0.0,0.0
5.0,2.0,0.0,2.0
2.0,0.0,0.0,0.0
8.0,6.0,0.0,3.0
5.0,13.11,0.0,2.0
8.0,7.3,2.0,3.0
8.0,5.0,1.0,4.0
8.0,5.0,0.0,4.0
6.0,6.0,0.0,3.0
7.0,4.78,0.0,4.0
6.0,7.7,2.0,4.0
1.0,0.0,0.0,0.0
5.0,8.0,0.0,2.0
3.0,0.0,0.0,0.0
6.0,6.0,0.0,4.0
4.0,0.0,0.0,0.0
7.0,7.0,0.0,4.0
3.0,0.0,0.0,0.0
8.0,1.89,0.0,2.0
7.0,4.63,0.0,3.0
6.0,3.11,0.0,2.0
5.0,12.0,1.0,4.0
6.0,3.16,0.0,2.0
8.0,3.23,0.0,3.0
1.0,0.0,0.0,0.0
7.0,5.8,0.0,2.0
6.0,8.0,1.0,3.0
4.0,0.0,0.0,0.0
5.0,13.17,0.0,4.0
5.0,1.58,0.0,3.0
8.0,9.9,1.0,4.0
6.0,1.0,0.0,3.0
6.0,5.23,1.0,3.0
6.0,4.32,0.0,4.0
8.0,3.6,0.0,2.0
2.0,0.0,0.0,0.0
8.0,4.31,0.0,3.0
6.0,15.06,2.0,2.0
7.0,10.45,0.0,2.0
7.0,8.2,0.0,3.0
8.0,7.01,0.0,2.0
2.0,0.0,0.0,0.0
6.0,4.71,0.0,3.0
7.0,3.0,2.0,2.0
8.0,8.57,0.0,2.0
6.0,2.12,0.0,2.0
8.0,6.15,0.0,4.0
6.0,5.29,0.0,4.0
5.0,2.0,1.0,2.0
8.0,11.0,1.0,4.0
3.0,0.0,0.0,0.0
2.0,0.0,0.0,0.0
6.0,5.29,0.0,4.0
3.0,0.0,0.0,0.0
4.0,0.0,0.0,0.0
5.0,1.6,0.0,3.0
5.0,5.49,0.0,2.0
6.0,4.04,0.0,3.0
7.0,7.63,0.0,2.0
8.0,5.0,0.0,4.0
6.0,3.85,0.0,2.0
4.0,0.0,0.0,0.0
8.0,5.46,0.0,3.0
8.0,9.79,0.0,3.0
7.0,3.0,0.0,2.0
8.0,1.62,2.0,3.0
5.0,4.52,0.0,4.0
8.0,6.0,0.0,4.0
8.0,8.06,3.0,2.0
5.0,12.0,2.0,4.0
7.0,11.13,1.0,3.0
5.0,1.0,1.0,3.0
5.0,8.09,0.0,3.0
8.0,4.0,1.0,3.0
8.0,6.38,0.0,3.0
4.0,0.0,0.0,0.0
7.0,3.0,0.0,2.0
5.0,4.0,0.0,2.0
6.0,7.52,0.0,4.0
4.0,0.0,0.0,0.0
6.0,4.02,0.0,3.0
7.0,4.81,0.0,3.0
6.0,14.0,1.0,4.0
3.0,0.0,0.0,0.0
6.0,4.15,0.0,3.0
6.0,20.55,0.0,2.0
7.0,4.0,0.0,3.0
7.0,8.36,1.0,2.0
1.0,0.0,0.0,0.0
6.0,9.9,0.0,4.0
3.0,0.0,0.0,0.0
6.0,6.0,0.0,2.0
5.0,2.74,0.0,2.0
7.0,11.0,0.0,3.0
1.0,0.0,0.0,0.0
8.0,3.4,0.0,4.0
3.0,0.0,0.0,0.0
6.0,7.84,4.0,4.0
7.0,11.5,0.0,3.0
7.0,1.3,0.0,2.0
7.0,6.0,0.0,3.0
8.0,7.51,0.0,4.0
6.0,4.8,0.0,3.0
5.0,2.93,0.0,2.0
3.0,0.0,0.0,0.0
5.0,7.6,2.0,4.0
3.0,0.0,0.0,0.0
6.0,2.62,0.0,2.0
6.0,13.65,0.0,4.0
8.0,7.52,2.0,2.0
6.0,2.0,0.0,2.0
4.0,0.0,0.0,0.0
7.0,1.5,0.0,2.0
7.0,2.0,0.0,4.0
6.0,9.86,2.0,4.0
8.0,5.0,0.0,2.0
6.0,8.0,0.0,4.0
7.0,9.0,0.0,4.0
7.0,9.0,0.0,4.0
6.0,3.4,0.0,2.0
1.0,0.0,0.0,0.0
5.0,2.31,0.0,3.0
7.0,3.3,0.0,2.0
7.0,3.46,0.0,2.0
7.0,3.8,1.0,2.0
6.0,4.99,1.0,3.0
1.0,0.0,0.0,0.0
7.0,5.74,0.0,2.0
5.0,10.0,0.0,4.0
8.0,4.2,0.0,2.0
6.0,17.0,0.0,4.0
6.0,4.0,0.0,2.0
7.0,8.8,0.0,4.0
7.0,2.81,0.0,2.0
7.0,3.2,0.0,2.0
8.0,7.0,1.0,3.0
6.0,14.98,1.0,3.0
8.0,6.46,1.0,2.0
6.0,3.24,0.0,3.0
1.0,0.0,0.0,0.0
5.0,3.14,0.0,2.0
5.0,8.0,0.0,4.0
6.0,4.56,1.0,4.0
8.0,2.43,0.0,2.0
8.0,5.5,0.0,3.0
8.0,8.1,0.0,4.0
4.0,0.0,0.0,0.0
4.0,0.0,0.0,0.0
5.0,13.75,1.0,2.0
6.0,12.79,1.0,4.0
6.0,4.94,0.0,4.0
6.0,4.61,0.0,3.0
6.0,4.3,0.0,2.0
6.0,5.0,0.0,4.0
6.0,6.66,0.0,4.0
7.0,4.0,0.0,4.0
7.0,11.99,0.0,2.0
6.0,5.0,0.0,3.0
7.0,4.36,0.0,2.0
5.0,3.0,0.0,2.0
6.0,7.78,0.0,4.0
3.0,0.0,0.0,0.0
5.0,8.54,3.0,3.0
2.0,0.0,0.0,0.0
7.0,3.5,0.0,3.0
7.0,8.79,4.0,2.0
7.0,2.53,0.0,2.0
6.0,3.04,0.0,3.0
7.0,8.19,0.0,3.0
5.0,10.46,1.0,2.0
2.0,0.0,0.0,0.0
8.0,4.77,0.0,3.0
7.0,4.36,0.0,3.0
8.0,6.01,0.0,4.0
5.0,9.64,2.0,3.0
7.0,12.05,4.0,2.0
5.0,4.9,1.0,4.0
8.0,6.0,0.0,3.0
4.0,0.0,0.0,0.0
8.0,7.0,1.0,3.0
7.0,6.82,1.0,4.0
6.0,7.0,0.0,4.0
8.0,3.76,0.0,2.0
5.0,6.33,1.0,4.0
7.0,8.51,2.0,4.0
5.0,3.5,0.0,2.0
3.0,0.0,0.0,0.0
1.0,0.0,0.0,0.0
6.0,12.0,0.0,4.0
6.0,4.04,0.0,3.0
6.0,15.0,0.0,4.0
7.0,8.0,0.0,4.0
5.0,8.0,0.0,2.0
6.0,3.33,0.0,3.0
6.0,3.5,2.0,3.0
6.0,5.5,1.0,4.0
5.0,3.13,1.0,3.0
4.0,0.0,0.0,0.0
6.0,9.85,0.0,4.0
8.0,3.0,0.0,2.0
7.0,2.75,0.0,3.0
5.0,5.0,0.0,3.0
4.0,0.0,0.0,0.0
6.0,5.0,1.0,2.0
6.0,3.99,0.0,2.0
5.0,6.0,0.0,3.0
8.0,7.42,2.0,3.0
8.0,10.2,4.0,3.0
1.0,0.0,0.0,0.0
6.0,24.82,0.0,3.0
6.0,6.77,1.0,2.0
7.0,5.34,0.0,3.0
8.0,13.17,5.0,4.0
7.0,2.09,0.0,2.0
6.0,8.0,0.0,4.0
6.0,3.06,0.0,3.0
6.0,6.0,0.0,3.0
8.0,2.81,0.0,2.0
7.0,6.24,0.0,2.0
7.0,2.88,0.0,2.0
8.0,4.96,0.0,3.0
7.0,4.13,0.0,2.0
6.0,1.0,0.0,2.0
6.0,6.24,0.0,2.0
6.0,5.61,0.0,4.0
8.0,5.06,0.0,3.0
5.0,2.0,0.0,3.0
2.0,0.0,0.0,0.0
7.0,12.49,2.0,2.0
5.0,8.0,0.0,4.0
8.0,3.0,0.0,2.0
7.0,11.52,2.0,3.0
5.0,5.18,0.0,3.0
5.0,4.03,0.0,4.0
7.0,4.66,1.0,3.0
7.0,3.33,0.0,3.0
4.0,0.0,0.0,0.0
5.0,4.56,2.0,3.0
6.0,6.99,1.0,4.0
8.0,7.92,0.0,3.0
2.0,0.0,0.0,0.0
5.0,6.36,0.0,4.0
8.0,3.7,0.0,3.0
5.0,4.0,0.0,2.0
3.0,0.0,0.0,0.0
6.0,5.57,0.0,3.0
2.0,0.0,0.0,0.0
1.0,0.0,0.0,0.0
8.0,2.75,0.0,2.0
6.0,8.31,2.0,4.0
5.0,15.0,2.0,3.0
4.0,0.0,0.0,0.0
8.0,2.51,0.0,2.0
6.0,2.79,0.0,2.0
5.0,14.27,2.0,3.0
2.0,0.0,0.0,0.0
8.0,5.3,0.0,4.0
6.0,4.48,0.0,3.0
7.0,1.86,0.0,2.0
6.0,8.5,1.0,4.0
7.0,2.07,0.0,3.0
6.0,2.6,0.0,2.0
1.0,0.0,0.0,0.0
4.0,0.0,0.0,0.0
1.0,0.0,0.0,0.0
5.0,11.27,0.0,3.0
5.0,13.47,0.0,2.0
6.0,4.8,0.0,2.0
7.0,3.98,0.0,3.0
5.0,5.23,1.0,4.0
2.0,0.0,0.0,0.0
1.0,0.0,0.0,0.0
7.0,1.0,0.0,2.0
4.0,0.0,0.0,0.0
7.0,6.0,0.0,3.0
2.0,0.0,0.0,0.0
7.0,4.89,0.0,3.0
6.0,4.48,0.0,3.0
6.0,4.03,0.0,3.0
6.0,4.09,0.0,3.0
7.0,4.0,0.0,2.0
6.0,11.17,1.0,3.0
5.0,8.17,1.0,2.0
8.0,6.5,2.0,3.0
4.0,0.0,0.0,0.0
8.0,39.73,0.0,4.0
8.0,6.3,0.0,3.0
2.0,0.0,0.0,0.0
8.0,8.0,1.0,4.0
6.0,11.78,2.0,3.0
7.0,5.6,1.0,3.0
7.0,7.0,0.0,4.0
7.0,2.0,0.0,2.0
6.0,10.0,0.0,2.0
4.0,0.0,0.0,0.0
5.0,2.9,0.0,2.0
1.0,0.0,0.0,0.0
7.0,5.71,1.0,2.0
7.0,4.28,0.0,2.0
5.0,5.64,0.0,4.0
5.0,11.9,2.0,3.0
8.0,2.75,0.0,3.0
8.0,4.56,0.0,3.0
1.0,0.0,0.0,0.0
5.0,2.0,0.0,4.0
7.0,7.0,0.0,3.0
6.0,9.38,2.0,3.0
5.0,4.53,0.0,3.0
6.0,6.37,0.0,3.0
6.0,3.95,1.0,3.0
5.0,2.78,0.0,3.0
7.0,7.0,0.0,4.0
5.0,10.73,3.0,2.0
8.0,4.1,1.0,3.0
6.0,4.0,0.0,2.0
3.0,0.0,0.0,0.0
5.0,4.49,0.0,4.0
5.0,3.9,0.0,2.0
8.0,4.63,0.0,4.0
7.0,8.49,0.0,4.0
6.0,30.78,6.0,4.0
8.0,3.08,0.0,3.0
7.0,4.0,0.0,3.0
6.0,14.55,3.0,4.0
4.0,0.0,0.0,0.0
5.0,10.0,0.0,4.0
6.0,7.53,1.0,4.0
4.0,0.0,0.0,0.0
5.0,4.35,0.0,3.0
6.0,9.65,1.0,3.0
7.0,3.31,0.0,2.0
8.0,5.0,1.0,4.0
7.0,2.35,0.0,2.0
8.0,9.2,1.0,4.0
7.0,6.0,0.0,4.0
7.0,2.7,0.0,2.0
3.0,0.0,0.0,0.0
6.0,4.36,2.0,3.0
8.0,7.34,2.0,4.0
7.0,8.8,2.0,2.0
1.0,0.0,0.0,0.0
1.0,0.0,0.0,0.0
7.0,19.79,0.0,4.0
5.0,4.06,0.0,2.0
5.0,3.84,1.0,3.0
6.0,6.21,0.0,4.0
5.0,5.0,1.0,2.0
5.0,3.84,0.0,2.0
6.0,7.87,2.0,4.0
6.0,14.0,2.0,3.0
7.0,5.08,0.0,3.0
7.0,4.03,0.0,2.0
8.0,3.15,0.0,3.0
5.0,5.06,0.0,3.0
5.0,9.77,1.0,2.0
5.0,5.07,0.0,3.0
8.0,4.3,0.0,2.0
8.0,5.0,0.0,3.0
4.0,0.0,0.0,0.0
5.0,4.04,0.0,3.0
5.0,2.4,0.0,3.0
7.0,3.36,0.0,4.0
1.0,0.0,0.0,0.0
5.0,4.0,1.0,4.0
5.0,3.96,0.0,3.0
8.0,2.38,0.0,2.0
8.0,5.0,0.0,4.0
1.0,0.0,0.0,0.0
5.0,6.2,0.0,3.0
8.0,5.0,0.0,3.0
6.0,5.0,0.0,4.0
4.0,0.0,0.0,0.0
1.0,0.0,0.0,0.0
8.0,3.01,1.0,3.0
3.0,0.0,0.0,0.0
5.0,4.36,0.0,3.0
2.0,0.0,0.0,0.0
4.0,0.0,0.0,0.0
8.0,9.58,4.0,4.0
8.0,3.9,0.0,4.0
7.0,3.0,0.0,2.0
8.0,9.0,0.0,4.0
5.0,2.41,0.0,2.0
3.0,0.0,0.0,0.0
8.0,6.0,3.0,3.0
6.0,4.41,1.0,4.0
8.0,3.0,1.0,4.0
1.0,0.0,0.0,0.0
6.0,3.43,1.0,4.0
5.0,3.0,0.0,2.0
6.0,5.05,0.0,3.0
6.0,7.22,0.0,3.0
7.0,5.45,0.0,2.0
5.0,8.0,0.0,4.0
7.0,4.69,0.0,4.0
8.0,1.57,0.0,2.0
5.0,17.57,4.0,3.0
6.0,9.0,0.0,4.0
5.0,4.0,0.0,2.0
5.0,11.0,1.0,3.0
5.0,6.0,0.0,4.0
5.0,5.03,0.0,3.0
8.0,4.69,0.0,3.0
8.0,6.73,0.0,3.0
5.0,7.0,0.0,2.0
8.0,5.0,0.0,3.0
6.0,1.0,0.0,2.0
6.0,3.66,0.0,2.0
8.0,7.23,2.0,3.0
8.0,6.56,0.0,3.0
8.0,1.59,0.0,2.0
1.0,0.0,0.0,0.0
5.0,5.0,0.0,2.0
6.0,10.06,2.0,4.0
6.0,7.0,0.0,3.0
6.0,4.22,0.0,3.0
3.0,0.0,0.0,0.0
4.0,0.0,0.0,0.0
8.0,3.07,0.0,2.0
2.0,0.0,0.0,0.0
7.0,6.0,0.0,4.0
1.0,0.0,0.0,0.0
7.0,9.0,1.0,4.0
7.0,8.0,1.0,4.0
7.0,5.81,0.0,4.0
8.0,14.08,3.0,3.0
1.0,0.0,0.0,0.0
8.0,6.83,0.0,4.0
5.0,12.95,0.0,2.0
6.0,3.59,0.0,3.0
5.0,5.0,0.0,2.0
1.0,0.0,0.0,0.0
8.0,8.5,0.0,4.0
3.0,0.0,0.0,0.0
8.0,5.0,0.0,3.0
8.0,6.98,0.0,4.0
6.0,4.0,0.0,2.0
1.0,0.0,0.0,0.0
1.0,0.0,0.0,0.0
6.0,3.2,1.0,2.0
8.0,5.31,0.0,4.0
2.0,0.0,0.0,0.0
6.0,3.88,0.0,3.0
1.0,0.0,0.0,0.0
7.0,5.0,0.0,2.0
8.0,2.94,0.0,2.0
6.0,9.0,0.0,2.0
