,Mode,ResponseTime,Mistakes,Step
0,1,0,0,0
1,1,0,0,0
2,1,0,0,0
3,2,0,0,0
4,2,0,0,0
5,2,0,0,0
6,3,0,0,0
7,3,0,0,0
8,3,0,0,0
9,4,0,0,0
10,4,0,0,0
11,4,0,0,0
12,4,0,0,0
13,5,0,0,0
14,5,0,0,0
15,5,0,0,0
16,5,0,0,0
17,5,0,0,0
18,5,0,0,0
19,5,0,0,0
20,5,0,4,0
21,5,0,1,0
22,5,0,0,0
23,5,0,0,0
24,5,0,1,0
25,5,0,0,0
26,5,0,0,0
27,5,0,1,0
28,5,0,0,0
29,6,0,1,0
30,6,0,6,0
31,6,0,1,0
32,6,0,2,0
33,6,0,0,0
34,6,0,0,0
35,6,0,2,0
36,6,0,0,0
37,6,0,0,0
38,6,0,0,0
39,6,0,0,0
40,6,0,1,0
41,6,0,1,0
42,6,0,0,0
43,6,0,0,0
44,6,0,0,0
45,6,0,0,0
46,6,0,0,0
47,6,0,0,0
48,6,0,0,0
49,7,0,0,0
50,7,0,1,0
51,7,0,1,0
52,7,0,1,0
53,7,0,1,0
54,7,0,0,0
55,7,0,0,0
56,7,0,0,0
57,7,0,0,0
58,7,0,2,0
59,7,0,0,0
60,7,0,1,0
61,7,0,2,0
62,7,0,0,0
63,7,0,0,0
64,7,0,0,0
65,7,0,0,0
66,7,0,0,0
67,7,0,0,0
68,8,0,0,0
69,8,0,0,0
70,8,0,2,0
71,8,0,0,0
72,8,0,1,0
73,8,0,0,0
74,8,0,0,0
75,8,0,0,0
76,8,0,1,0
77,8,0,0,0
78,8,0,0,0
79,8,0,0,0
80,8,0,0,0
81,8,0,0,0
82,8,0,2,0
83,8,0,1,0
84,8,0,0,0
85,8,0,0,0
86,8,0,0,0
87,1,0,0,0
88,1,0,0,0
89,1,0,0,0
90,1,0,0,0
91,2,0,0,0
92,2,0,0,0
93,2,0,0,0
94,2,0,0,0
95,3,0,0,0
96,3,0,0,0
97,3,0,0,0
98,4,0,0,0
99,4,0,0,0
100,4,0,0,0
101,5,0,0,0
102,5,0,0,0
103,5,0,0,0
104,5,0,1,0
105,5,0,0,0
106,5,0,0,0
107,5,0,0,0
108,5,0,0,0
109,5,0,1,0
110,5,0,0,0
111,5,0,0,0
112,5,0,0,0
113,5,0,0,0
114,5,0,0,0
115,5,0,0,0
116,5,0,0,0
117,5,0,0,0
118,5,0,0,0
119,5,0,0,0
120,5,0,0,0
121,6,0,0,0
122,6,0,0,0
123,6,0,0,0
124,6,0,0,0
125,6,0,1,0
126,6,0,1,0
127,6,0,0,0
128,6,0,1,0
129,6,0,0,0
130,6,0,0,0
131,6,0,0,0
132,6,0,0,0
133,6,0,0,0
134,6,0,0,0
135,6,0,0,0
136,6,0,0,0
137,6,0,0,0
138,6,0,0,0
139,6,0,0,0
140,6,0,0,0
141,7,0,0,0
142,7,0,0,0
143,7,0,1,0
144,7,0,0,0
145,7,0,0,0
146,7,0,0,0
147,7,0,0,0
148,7,0,0,0
149,7,0,0,0
150,7,0,0,0
151,7,0,0,0
152,7,0,0,0
153,7,0,0,0
154,7,0,0,0
155,7,0,0,0
156,7,0,0,0
157,7,0,1,0
158,7,0,0,0
159,7,0,0,0
160,7,0,0,0
161,7,0,0,0
162,8,0,0,0
163,8,0,1,0
164,8,0,0,0
165,8,0,0,0
166,8,0,0,0
167,8,0,1,0
168,8,0,0,0
169,8,0,0,0
170,8,0,0,0
171,8,0,1,0
172,8,0,0,0
173,8,0,0,0
174,8,0,0,0
175,8,0,0,0
176,8,0,0,0
177,8,0,0,0
178,8,0,0,0
179,8,0,0,0
180,8,0,0,0
181,8,0,0,0
182,8,0,0,0
183,8,0,0,0
184,1,0,0,0
185,1,0,0,0
186,1,0,0,0
187,2,0,0,0
188,2,0,0,0
189,2,0,0,0
190,2,0,0,0
191,3,0,0,0
192,3,0,0,0
193,3,0,0,0
194,3,0,0,0
195,4,0,0,0
196,4,0,0,0
197,4,0,0,0
198,5,0,1,0
199,5,0,0,0
200,5,0,0,0
201,5,0,1,0
202,5,0,0,0
203,5,0,0,0
204,5,0,0,0
205,5,0,1,0
206,5,0,0,0
207,5,0,0,0
208,5,0,0,0
209,5,0,0,0
210,5,0,1,0
211,5,0,0,0
212,5,0,1,0
213,5,0,0,0
214,5,0,0,0
215,5,0,0,0
216,5,0,0,0
217,5,0,0,0
218,5,0,0,0
219,5,0,0,0
220,5,0,1,0
221,5,0,0,0
222,6,0,0,0
223,6,0,0,0
224,6,0,0,0
225,6,0,0,0
226,6,0,1,0
227,6,0,0,0
228,6,0,1,0
229,6,0,0,0
230,6,0,0,0
231,6,0,1,0
232,6,0,1,0
233,6,0,0,0
234,6,0,0,0
235,6,0,0,0
236,6,0,0,0
237,6,0,0,0
238,6,0,0,0
239,6,0,2,0
240,6,0,0,0
241,6,0,0,0
242,6,0,0,0
243,7,0,0,0
244,7,0,0,0
245,7,0,0,0
246,7,0,2,0
247,7,0,1,0
248,7,0,0,0
249,7,0,0,0
250,7,0,1,0
251,7,0,1,0
252,7,0,0,0
253,7,0,0,0
254,7,0,1,0
255,7,0,0,0
256,7,0,0,0
257,7,0,0,0
258,7,0,0,0
259,7,0,0,0
260,7,0,0,0
261,7,0,0,0
262,7,0,0,0
263,7,0,1,0
264,7,0,0,0
265,7,0,0,0
266,7,0,0,0
267,7,0,0,0
268,7,0,0,0
269,7,0,0,0
270,7,0,0,0
271,8,0,0,0
272,8,0,0,0
273,8,0,0,0
274,8,0,0,0
275,8,0,0,0
276,8,0,0,0
277,8,0,3,0
278,8,0,0,0
279,8,0,0,0
280,8,0,1,0
281,8,0,0,0
282,8,0,1,0
283,8,0,0,0
284,8,0,0,0
285,8,0,0,0
286,8,0,0,0
287,8,0,0,0
288,8,0,0,0
289,8,0,1,0
290,8,0,2,0
291,8,0,0,0
292,8,0,3,0
293,8,0,0,0
294,8,0,0,0
295,8,0,0,0
296,8,0,0,0
297,8,0,0,0
298,1,0,0,0
299,1,0,0,0
300,1,0,0,0
301,2,0,0,0
302,2,0,0,0
303,2,0,0,0
304,3,0,0,0
305,3,0,0,0
306,3,0,0,0
307,4,0,0,0
308,4,0,0,0
309,4,0,0,0
310,5,0,1,0
311,5,0,0,0
312,5,0,1,0
313,5,0,0,0
314,5,0,2,0
315,5,0,0,0
316,5,0,0,0
317,5,0,0,0
318,5,0,0,0
319,5,0,1,0
320,5,0,0,0
321,5,0,0,0
322,5,0,0,0
323,5,0,0,0
324,5,0,0,0
325,5,0,0,0
326,5,0,0,0
327,5,0,1,0
328,5,0,0,0
329,5,0,0,0
330,5,0,0,0
331,5,0,1,0
332,5,0,0,0
333,6,0,0,0
334,6,0,0,0
335,6,0,0,0
336,6,0,0,0
337,6,0,0,0
338,6,0,1,0
339,6,0,0,0
340,6,0,0,0
341,6,0,0,0
342,6,0,0,0
343,6,0,0,0
344,6,0,0,0
345,6,0,0,0
346,6,0,0,0
347,6,0,0,0
348,6,0,0,0
349,6,0,1,0
350,6,0,0,0
351,6,0,0,0
352,6,0,0,0
353,6,0,0,0
354,6,0,0,0
355,6,0,0,0
356,7,0,0,0
357,7,0,0,0
358,7,0,0,0
359,7,0,0,0
360,7,0,0,0
361,7,0,1,0
362,7,0,1,0
363,7,0,0,0
364,7,0,0,0
365,7,0,0,0
366,7,0,0,0
367,7,0,1,0
368,7,0,0,0
369,7,0,0,0
370,7,0,0,0
371,7,0,0,0
372,7,0,0,0
373,7,0,0,0
374,7,0,0,0
375,7,0,0,0
376,7,0,0,0
377,7,0,0,0
378,7,0,0,0
379,7,0,0,0
380,7,0,0,0
381,7,0,0,0
382,7,0,0,0
383,8,0,0,0
384,8,0,0,0
385,8,0,0,0
386,8,0,0,0
387,8,0,0,0
388,8,0,1,0
389,8,0,0,0
390,8,0,0,0
391,8,0,0,0
392,8,0,2,0
393,8,0,0,0
394,8,0,1,0
395,8,0,2,0
396,8,0,1,0
397,8,0,2,0
398,8,0,0,0
399,8,0,0,0
400,1,0,0,0
401,1,0,0,0
402,1,0,0,0
403,2,0,0,0
404,2,0,0,0
405,2,0,0,0
406,3,0,0,0
407,3,0,0,0
408,3,0,0,0
409,3,0,0,0
410,4,0,0,0
411,4,0,0,0
412,4,0,0,0
413,4,0,0,0
414,5,0,1,0
415,5,0,0,0
416,5,0,0,0
417,5,0,1,0
418,5,0,0,0
419,5,0,1,0
420,5,0,2,0
421,5,0,1,0
422,5,0,2,0
423,5,0,1,0
424,5,0,1,0
425,5,0,2,0
426,5,0,2,0
427,5,0,0,0
428,5,0,0,0
429,5,0,4,0
430,5,0,1,0
431,5,0,0,0
432,5,0,0,0
433,5,0,2,0
434,5,0,0,0
435,5,0,1,0
436,5,0,0,0
437,5,0,0,0
438,5,0,0,0
439,5,0,1,0
440,6,0,0,0
441,6,0,1,0
442,6,0,0,0
443,6,0,2,0
444,6,0,0,0
445,6,0,1,0
446,6,0,1,0
447,6,0,1,0
448,6,0,1,0
449,6,0,1,0
450,6,0,1,0
451,6,0,0,0
452,6,0,1,0
453,6,0,0,0
454,6,0,0,0
455,6,0,0,0
456,6,0,1,0
457,6,0,0,0
458,6,0,3,0
459,6,0,0,0
460,6,0,0,0
461,6,0,0,0
462,6,0,1,0
463,6,0,1,0
464,6,0,0,0
465,6,0,0,0
466,7,0,1,0
467,7,0,0,0
468,7,0,1,0
469,7,0,0,0
470,7,0,0,0
471,7,0,0,0
472,7,0,1,0
473,7,0,0,0
474,7,0,0,0
475,7,0,1,0
476,7,0,2,0
477,7,0,0,0
478,7,0,0,0
479,7,0,0,0
480,7,0,0,0
481,7,0,0,0
482,7,0,0,0
483,7,0,0,0
484,7,0,1,0
485,7,0,0,0
486,7,0,0,0
487,7,0,0,0
488,7,0,0,0
489,7,0,0,0
490,7,0,0,0
491,7,0,0,0
492,8,0,0,0
493,8,0,0,0
494,8,0,1,0
495,8,0,1,0
496,8,0,0,0
497,8,0,1,0
498,8,0,0,0
499,8,0,0,0
500,8,0,1,0
501,8,0,0,0
502,8,0,0,0
503,8,0,0,0
504,8,0,0,0
505,8,0,0,0
506,8,0,0,0
507,8,0,0,0
508,8,0,0,0
509,8,0,0,0
510,8,0,0,0
511,8,0,0,0
512,8,0,0,0
513,8,0,0,0
514,8,0,0,0
515,8,0,0,0
516,8,0,0,0
517,8,0,0,0
518,8,0,0,0
519,1,0,0,0
520,1,0,0,0
521,1,0,0,0
522,1,0,0,0
523,2,0,0,0
524,2,0,0,0
525,2,0,0,0
526,2,0,0,0
527,3,0,0,0
528,3,0,0,0
529,3,0,0,0
530,3,0,0,0
531,4,0,0,0
532,4,0,0,0
533,4,0,0,0
534,4,0,0,0
535,5,0,0,0
536,5,0,0,0
537,5,0,0,0
538,5,0,0,0
539,5,0,0,0
540,5,0,0,0
541,5,0,0,0
542,5,0,2,0
543,5,0,0,0
544,5,0,0,0
545,5,0,0,0
546,5,0,0,0
547,5,0,0,0
548,5,0,0,0
549,5,0,0,0
550,5,0,1,0
551,5,0,0,0
552,5,0,0,0
553,5,0,1,0
554,5,0,0,0
555,5,0,0,0
556,5,0,0,0
557,5,0,0,0
558,5,0,0,0
559,6,0,1,0
560,6,0,1,0
561,6,0,1,0
562,6,0,0,0
563,6,0,0,0
564,6,0,0,0
565,6,0,2,0
566,6,0,1,0
567,6,0,1,0
568,6,0,0,0
569,6,0,0,0
570,6,0,0,0
571,6,0,0,0
572,6,0,0,0
573,6,0,0,0
574,6,0,0,0
575,6,0,0,0
576,6,0,0,0
577,6,0,0,0
578,6,0,0,0
579,6,0,0,0
580,6,0,0,0
581,6,0,0,0
582,7,0,0,0
583,7,0,0,0
584,7,0,0,0
585,7,0,0,0
586,7,0,0,0
587,7,0,0,0
588,7,0,1,0
589,7,0,0,0
590,7,0,0,0
591,7,0,0,0
592,7,0,0,0
593,7,0,0,0
594,7,0,0,0
595,7,0,1,0
596,7,0,0,0
597,7,0,0,0
598,7,0,0,0
599,7,0,1,0
600,7,0,1,0
601,7,0,0,0
602,7,0,0,0
603,7,0,0,0
604,7,0,0,0
605,7,0,0,0
606,7,0,0,0
607,7,0,0,0
608,8,0,0,0
609,8,0,0,0
610,8,0,0,0
611,8,0,0,0
612,8,0,0,0
613,8,0,0,0
614,8,0,1,0
615,8,0,0,0
616,8,0,0,0
617,8,0,1,0
618,8,0,0,0
619,8,0,0,0
620,8,0,1,0
621,8,0,0,0
622,8,0,0,0
623,8,0,0,0
624,8,0,0,0
625,8,0,0,0
626,8,0,0,0
627,8,0,0,0
628,8,0,0,0
629,8,0,0,0
630,8,0,0,0
631,8,0,0,0
632,8,0,0,0
633,8,0,0,0
634,1,0,0,0
635,1,0,0,0
636,1,0,0,0
637,2,0,0,0
638,2,0,0,0
639,2,0,0,0
640,3,0,0,0
641,3,0,0,0
642,3,0,0,0
643,4,0,0,0
644,4,0,0,0
645,4,0,0,0
646,5,0,1,0
647,5,0,0,0
648,5,0,0,0
649,5,0,1,0
650,5,0,0,0
651,5,0,0,0
652,5,0,1,0
653,5,0,1,0
654,5,0,0,0
655,5,0,0,0
656,5,0,0,0
657,5,0,1,0
658,5,0,0,0
659,5,0,1,0
660,5,0,0,0
661,5,0,0,0
662,5,0,0,0
663,5,0,0,0
664,5,0,0,0
665,5,0,0,0
666,5,0,0,0
667,5,0,0,0
668,5,0,0,0
669,6,0,0,0
670,6,0,0,0
671,6,0,1,0
672,6,0,0,0
673,6,0,0,0
674,6,0,2,0
675,6,0,0,0
676,6,0,0,0
677,6,0,0,0
678,6,0,0,0
679,6,0,1,0
680,6,0,1,0
681,6,0,0,0
682,6,0,0,0
683,6,0,0,0
684,6,0,0,0
685,6,0,0,0
686,6,0,2,0
687,6,0,0,0
688,6,0,0,0
689,6,0,1,0
690,6,0,0,0
691,6,0,0,0
692,6,0,0,0
693,6,0,0,0
694,6,0,0,0
695,7,0,0,0
696,7,0,0,0
697,7,0,0,0
698,7,0,0,0
699,7,0,1,0
700,7,0,0,0
701,7,0,0,0
702,7,0,0,0
703,7,0,0,0
704,7,0,0,0
705,7,0,0,0
706,7,0,0,0
707,7,0,0,0
708,7,0,0,0
709,7,0,0,0
710,7,0,0,0
711,7,0,0,0
712,7,0,1,0
713,7,0,0,0
714,7,0,0,0
715,7,0,0,0
716,7,0,0,0
717,7,0,0,0
718,7,0,0,0
719,8,0,0,0
720,8,0,0,0
721,8,0,0,0
722,8,0,0,0
723,8,0,0,0
724,8,0,0,0
725,8,0,1,0
726,8,0,0,0
727,8,0,0,0
728,8,0,0,0
729,8,0,0,0
730,8,0,0,0
731,8,0,1,0
732,8,0,0,0
733,8,0,0,0
734,8,0,0,0
735,8,0,0,0
736,8,0,0,0
737,8,0,2,0
738,8,0,0,0
739,8,0,0,0
740,8,0,0,0
741,8,0,0,0
742,8,0,0,0
743,8,0,0,0
744,8,0,0,0
745,8,0,0,0
746,8,0,1,0
747,8,0,0,0
748,1,0,0,0
749,1,0,0,0
750,1,0,0,0
751,1,0,0,0
752,2,0,0,0
753,2,0,0,0
754,2,0,0,0
755,3,0,0,0
756,3,0,0,0
757,4,0,0,0
758,4,0,0,0
759,4,0,0,0
760,4,0,0,0
761,5,0,0,0
762,5,0,0,0
763,5,0,0,0
764,5,0,1,0
765,5,0,1,0
766,5,0,1,0
767,5,0,0,0
768,5,0,0,0
769,5,0,1,0
770,5,0,1,0
771,5,0,0,0
772,5,0,0,0
773,5,0,0,0
774,5,0,0,0
775,5,0,0,0
776,5,0,2,0
777,5,0,0,0
778,5,0,0,0
779,5,0,0,0
780,5,0,0,0
781,5,0,0,0
782,5,0,0,0
783,5,0,0,0
784,5,0,0,0
785,6,0,0,0
786,6,0,1,0
787,6,0,0,0
788,6,0,0,0
789,6,0,0,0
790,6,0,0,0
791,6,0,0,0
792,6,0,0,0
793,6,0,0,0
794,6,0,0,0
795,6,0,1,0
796,6,0,0,0
797,6,0,0,0
798,6,0,0,0
799,6,0,0,0
800,6,0,0,0
801,6,0,0,0
802,6,0,0,0
803,6,0,0,0
804,6,0,0,0
805,6,0,1,0
806,6,0,0,0
807,6,0,0,0
808,6,0,0,0
809,6,0,0,0
810,7,0,0,0
811,7,0,0,0
812,7,0,0,0
813,7,0,0,0
814,7,0,0,0
815,7,0,1,0
816,7,0,0,0
817,7,0,0,0
818,7,0,0,0
819,7,0,0,0
820,7,0,0,0
821,7,0,0,0
822,7,0,0,0
823,7,0,0,0
824,7,0,0,0
825,7,0,0,0
826,7,0,0,0
827,7,0,0,0
828,7,0,0,0
829,7,0,0,0
830,7,0,0,0
831,7,0,0,0
832,7,0,0,0
833,7,0,0,0
834,7,0,0,0
835,8,0,0,0
836,8,0,1,0
837,8,0,1,0
838,8,0,0,0
839,8,0,2,0
840,8,0,0,0
841,8,0,0,0
842,8,0,0,0
843,8,0,0,0
844,8,0,1,0
845,8,0,0,0
846,8,0,0,0
847,8,0,0,0
848,8,0,0,0
849,8,0,0,0
850,8,0,0,0
851,8,0,0,0
852,8,0,0,0
853,8,0,0,0
854,8,0,0,0
855,8,0,0,0
856,8,0,0,0
857,8,0,0,0
858,1,0,0,0
859,1,0,0,0
860,1,0,0,0
861,2,0,0,0
862,2,0,0,0
863,2,0,0,0
864,3,0,0,0
865,3,0,0,0
866,3,0,0,0
867,4,0,0,0
868,4,0,0,0
869,4,0,0,0
870,5,0,0,0
871,5,0,0,0
872,5,0,0,0
873,5,0,0,0
874,5,0,1,0
875,5,0,0,0
876,5,0,0,0
877,5,0,1,0
878,5,0,0,0
879,5,0,1,0
880,5,0,0,0
881,5,0,0,0
882,5,0,0,0
883,5,0,0,0
884,5,0,0,0
885,5,0,0,0
886,5,0,0,0
887,5,0,0,0
888,5,0,0,0
889,5,0,0,0
890,5,0,0,0
891,5,0,0,0
892,5,0,0,0
893,5,0,0,0
894,5,0,0,0
895,5,0,0,0
896,5,0,0,0
897,6,0,2,0
898,6,0,1,0
899,6,0,1,0
900,6,0,0,0
901,6,0,0,0
902,6,0,0,0
903,6,0,0,0
904,6,0,0,0
905,6,0,0,0
906,6,0,0,0
907,6,0,1,0
908,6,0,2,0
909,6,0,0,0
910,6,0,0,0
911,6,0,0,0
912,6,0,0,0
913,6,0,0,0
914,6,0,0,0
915,6,0,0,0
916,6,0,0,0
917,6,0,2,0
918,6,0,0,0
919,6,0,0,0
920,6,0,0,0
921,6,0,0,0
922,7,0,0,0
923,7,0,0,0
924,7,0,1,0
925,7,0,0,0
926,7,0,0,0
927,7,0,1,0
928,7,0,0,0
929,7,0,0,0
930,7,0,0,0
931,7,0,0,0
932,7,0,0,0
933,7,0,1,0
934,7,0,0,0
935,7,0,0,0
936,7,0,0,0
937,7,0,0,0
938,7,0,0,0
939,7,0,3,0
940,7,0,1,0
941,7,0,0,0
942,7,0,0,0
943,7,0,0,0
944,7,0,0,0
945,7,0,0,0
946,8,0,0,0
947,8,0,0,0
948,8,0,0,0
949,8,0,0,0
950,8,0,0,0
951,8,0,0,0
952,8,0,0,0
953,8,0,1,0
954,8,0,1,0
955,8,0,0,0
956,8,0,0,0
957,8,0,0,0
958,8,0,0,0
959,8,0,0,0
960,8,0,0,0
961,8,0,0,0
962,8,0,0,0
963,8,0,0,0
964,8,0,1,0
965,8,0,0,0
966,8,0,2,0
967,8,0,0,0
968,8,0,0,0
969,8,0,0,0
970,8,0,0,0
971,8,0,0,0
972,1,0,0,0
973,1,0,0,0
974,1,0,0,0
975,2,0,0,0
976,2,0,0,0
977,2,0,0,0
978,3,0,0,0
979,3,0,0,0
980,3,0,0,0
981,4,0,0,0
982,4,0,0,0
983,4,0,0,0
984,5,0,0,0
985,5,0,0,0
986,5,0,0,0
987,5,0,1,0
988,5,0,0,0
989,5,0,0,0
990,5,0,0,0
991,5,0,0,0
992,5,0,0,0
993,5,0,0,0
994,5,0,0,0
995,5,0,0,0
996,5,0,0,0
997,5,0,0,0
998,5,0,0,0
999,5,0,0,0
1000,5,0,1,0
1001,5,0,1,0
1002,5,0,0,0
1003,6,0,0,0
1004,6,0,0,0
1005,6,0,1,0
1006,6,0,0,0
1007,6,0,0,0
1008,6,0,0,0
1009,6,0,0,0
1010,6,0,2,0
1011,6,0,0,0
1012,6,0,0,0
1013,6,0,0,0
1014,6,0,0,0
1015,6,0,0,0
1016,6,0,1,0
1017,6,0,0,0
1018,6,0,0,0
1019,6,0,0,0
1020,6,0,0,0
1021,6,0,0,0
1022,6,0,1,0
1023,6,0,0,0
1024,6,0,0,0
1025,6,0,1,0
1026,6,0,0,0
1027,6,0,0,0
1028,6,0,0,0
1029,6,0,0,0
1030,6,0,0,0
1031,6,0,0,0
1032,7,0,0,0
1033,7,0,0,0
1034,7,0,1,0
1035,7,0,0,0
1036,7,0,0,0
1037,7,0,0,0
1038,7,0,0,0
1039,7,0,2,0
1040,7,0,0,0
1041,7,0,2,0
1042,7,0,0,0
1043,7,0,0,0
1044,7,0,1,0
1045,7,0,0,0
1046,7,0,0,0
1047,7,0,0,0
1048,7,0,0,0
1049,7,0,0,0
1050,7,0,0,0
1051,7,0,2,0
1052,7,0,0,0
1053,7,0,0,0
1054,7,0,0,0
1055,7,0,0,0
1056,7,0,0,0
1057,7,0,0,0
1058,7,0,1,0
1059,7,0,2,0
1060,7,0,0,0
1061,8,0,0,0
1062,8,0,0,0
1063,8,0,0,0
1064,8,0,0,0
1065,8,0,1,0
1066,8,0,2,0
1067,8,0,0,0
1068,8,0,0,0
1069,8,0,1,0
1070,8,0,0,0
1071,8,0,0,0
1072,8,0,1,0
1073,8,0,0,0
1074,8,0,0,0
1075,8,0,0,0
1076,8,0,0,0
1077,8,0,0,0
1078,8,0,1,0
1079,8,0,0,0
1080,8,0,0,0
1081,8,0,0,0
1082,8,0,0,0
1083,8,0,0,0
1084,8,0,0,0
1085,8,0,0,0
1086,8,0,0,0
1087,8,0,0,0
1088,8,0,0,0
1089,1,0,0,0
1090,1,0,0,0
1091,1,0,0,0
1092,1,0,0,0
1093,2,0,0,0
1094,2,0,0,0
1095,2,0,0,0
1096,3,0,0,0
1097,3,0,0,0
1098,3,0,0,0
1099,4,0,0,0
1100,4,0,0,0
1101,4,0,0,0
1102,5,0,0,0
1103,5,0,3,0
1104,5,0,0,0
1105,5,0,0,0
1106,5,0,0,0
1107,5,0,4,0
1108,5,0,0,0
1109,5,0,0,0
1110,5,0,0,0
1111,5,0,0,0
1112,5,0,0,0
1113,5,0,1,0
1114,5,0,1,0
1115,5,0,1,0
1116,5,0,0,0
1117,5,0,0,0
1118,5,0,0,0
1119,5,0,0,0
1120,5,0,1,0
1121,5,0,0,0
1122,5,0,0,0
1123,6,0,0,0
1124,6,0,0,0
1125,6,0,1,0
1126,6,0,0,0
1127,6,0,1,0
1128,6,0,2,0
1129,6,0,0,0
1130,6,0,0,0
1131,6,0,2,0
1132,6,0,3,0
1133,6,0,0,0
1134,6,0,0,0
1135,6,0,1,0
1136,6,0,0,0
1137,6,0,2,0
1138,6,0,0,0
1139,6,0,0,0
1140,6,0,1,0
1141,6,0,0,0
1142,6,0,0,0
1143,6,0,0,0
1144,6,0,0,0
1145,6,0,0,0
1146,6,0,0,0
1147,7,0,0,0
1148,7,0,0,0
1149,7,0,0,0
1150,7,0,3,0
1151,7,0,1,0
1152,7,0,1,0
1153,7,0,0,0
1154,7,0,0,0
1155,7,0,0,0
1156,7,0,4,0
1157,7,0,1,0
1158,7,0,0,0
1159,7,0,0,0
1160,7,0,0,0
1161,7,0,0,0
1162,7,0,0,0
1163,7,0,0,0
1164,7,0,0,0
1165,7,0,0,0
1166,7,0,0,0
1167,7,0,0,0
1168,7,0,0,0
1169,8,0,0,0
1170,8,0,0,0
1171,8,0,0,0
1172,8,0,0,0
1173,8,0,0,0
1174,8,0,1,0
1175,8,0,0,0
1176,8,0,2,0
1177,8,0,0,0
1178,8,0,0,0
1179,8,0,2,0
1180,8,0,0,0
1181,8,0,0,0
1182,8,0,0,0
1183,8,0,0,0
1184,8,0,0,0
1185,8,0,2,0
1186,8,0,0,0
1187,8,0,0,0
1188,8,0,0,0
1189,8,0,0,0
1190,8,0,3,0
1191,8,0,0,0
1192,1,0,0,0
1193,1,0,0,0
1194,1,0,0,0
1195,2,0,0,0
1196,2,0,0,0
1197,3,0,0,0
1198,3,0,0,0
1199,3,0,0,0
1200,4,0,0,0
1201,4,0,0,0
1202,5,0,1,0
1203,5,0,0,0
1204,5,0,0,0
1205,5,0,1,0
1206,5,0,3,0
1207,5,0,1,0
1208,5,0,1,0
1209,5,0,1,0
1210,5,0,3,0
1211,5,0,1,0
1212,5,0,1,0
1213,5,0,2,0
1214,5,0,1,0
1215,5,0,0,0
1216,5,0,0,0
1217,5,0,0,0
1218,5,0,2,0
1219,6,0,0,0
1220,6,0,0,0
1221,6,0,1,0
1222,6,0,0,0
1223,6,0,1,0
1224,6,0,0,0
1225,6,0,0,0
1226,6,0,0,0
1227,6,0,0,0
1228,6,0,0,0
1229,6,0,2,0
1230,6,0,2,0
1231,6,0,0,0
1232,6,0,0,0
1233,6,0,0,0
1234,6,0,0,0
1235,6,0,1,0
1236,6,0,3,0
1237,6,0,0,0
1238,6,0,0,0
1239,6,0,0,0
1240,6,0,0,0
1241,6,0,0,0
1242,6,0,0,0
1243,7,0,0,0
1244,7,0,2,0
1245,7,0,1,0
1246,7,0,2,0
1247,7,0,1,0
1248,7,0,0,0
1249,7,0,1,0
1250,7,0,0,0
1251,7,0,1,0
1252,7,0,1,0
1253,7,0,0,0
1254,7,0,0,0
1255,7,0,0,0
1256,7,0,0,0
1257,7,0,0,0
1258,7,0,2,0
1259,7,0,0,0
1260,7,0,0,0
1261,7,0,0,0
1262,7,0,2,0
1263,7,0,0,0
1264,7,0,0,0
1265,7,0,0,0
1266,7,0,0,0
1267,7,0,0,0
1268,8,0,0,0
1269,8,0,0,0
1270,8,0,0,0
1271,8,0,0,0
1272,8,0,1,0
1273,8,0,1,0
1274,8,0,0,0
1275,8,0,0,0
1276,8,0,0,0
1277,8,0,0,0
1278,8,0,0,0
1279,8,0,1,0
1280,8,0,0,0
1281,8,0,0,0
1282,8,0,0,0
1283,8,0,0,0
1284,8,0,0,0
1285,8,0,0,0
1286,8,0,1,0
1287,8,0,0,0
1288,8,0,0,0
1289,8,0,0,0
1290,8,0,0,0
1291,8,0,0,0
1292,8,0,0,0
1293,8,0,1,0
1294,8,0,0,0
1295,1,0,0,0
1296,1,0,0,0
1297,1,0,0,0
1298,2,0,0,0
1299,2,0,0,0
1300,2,0,0,0
1301,3,0,0,0
1302,3,0,0,0
1303,3,0,0,0
1304,4,0,0,0
1305,4,0,0,0
1306,4,0,0,0
1307,5,0,0,0
1308,5,0,1,0
1309,5,0,0,0
1310,5,0,1,0
1311,5,0,1,0
1312,5,0,1,0
1313,5,0,0,0
1314,5,0,0,0
1315,5,0,0,0
1316,5,0,0,0
1317,5,0,0,0
1318,5,0,2,0
1319,5,0,0,0
1320,5,0,0,0
1321,5,0,0,0
1322,5,0,0,0
1323,5,0,0,0
1324,5,0,2,0
1325,5,0,0,0
1326,5,0,0,0
1327,5,0,0,0
1328,5,0,0,0
1329,5,0,0,0
1330,5,0,0,0
1331,5,0,0,0
1332,5,0,0,0
1333,6,0,0,0
1334,6,0,0,0
1335,6,0,0,0
1336,6,0,0,0
1337,6,0,0,0
1338,6,0,1,0
1339,6,0,0,0
1340,6,0,0,0
1341,6,0,0,0
1342,6,0,0,0
1343,6,0,1,0
1344,6,0,1,0
1345,6,0,2,0
1346,6,0,0,0
1347,6,0,0,0
1348,6,0,1,0
1349,6,0,0,0
1350,6,0,1,0
1351,6,0,0,0
1352,6,0,0,0
1353,6,0,0,0
1354,6,0,0,0
1355,6,0,0,0
1356,6,0,0,0
1357,6,0,0,0
1358,7,0,0,0
1359,7,0,0,0
1360,7,0,0,0
1361,7,0,0,0
1362,7,0,0,0
1363,7,0,3,0
1364,7,0,0,0
1365,7,0,0,0
1366,7,0,0,0
1367,7,0,0,0
1368,7,0,0,0
1369,7,0,0,0
1370,7,0,0,0
1371,7,0,0,0
1372,7,0,1,0
1373,7,0,2,0
1374,7,0,0,0
1375,7,0,0,0
1376,7,0,0,0
1377,7,0,0,0
1378,7,0,0,0
1379,7,0,0,0
1380,7,0,0,0
1381,8,0,0,0
1382,8,0,0,0
1383,8,0,0,0
1384,8,0,0,0
1385,8,0,0,0
1386,8,0,0,0
1387,8,0,0,0
1388,8,0,0,0
1389,8,0,0,0
1390,8,0,0,0
1391,8,0,0,0
1392,8,0,0,0
1393,8,0,1,0
1394,8,0,0,0
1395,8,0,0,0
1396,8,0,0,0
1397,8,0,0,0
1398,8,0,0,0
1399,8,0,0,0
1400,8,0,0,0
1401,8,0,0,0
1402,8,0,0,0
1403,8,0,0,0
1404,8,0,0,0
1405,8,0,0,0
1406,8,0,0,0
1407,8,0,0,0
1408,1,0,0,0
1409,1,0,0,0
1410,1,0,0,0
1411,2,0,0,0
1412,2,0,0,0
1413,2,0,0,0
1414,3,0,0,0
1415,3,0,0,0
1416,3,0,0,0
1417,3,0,0,0
1418,4,0,0,0
1419,4,0,0,0
1420,4,0,0,0
1421,4,0,0,0
1422,5,0,1,0
1423,5,0,0,0
1424,5,0,0,0
1425,5,0,0,0
1426,5,0,0,0
1427,5,0,0,0
1428,5,0,0,0
1429,5,0,0,0
1430,5,0,0,0
1431,5,0,1,0
1432,5,0,1,0
1433,5,0,0,0
1434,5,0,0,0
1435,5,0,0,0
1436,5,0,0,0
1437,5,0,0,0
1438,5,0,1,0
1439,5,0,0,0
1440,5,0,0,0
1441,5,0,0,0
1442,5,0,0,0
1443,5,0,0,0
1444,5,0,0,0
1445,5,0,0,0
1446,6,0,0,0
1447,6,0,0,0
1448,6,0,0,0
1449,6,0,0,0
1450,6,0,0,0
1451,6,0,2,0
1452,6,0,1,0
1453,6,0,2,0
1454,6,0,2,0
1455,6,0,3,0
1456,6,0,0,0
1457,6,0,0,0
1458,6,0,0,0
1459,6,0,0,0
1460,6,0,1,0
1461,6,0,0,0
1462,6,0,0,0
1463,6,0,1,0
1464,6,0,0,0
1465,6,0,0,0
1466,6,0,0,0
1467,7,0,0,0
1468,7,0,0,0
1469,7,0,0,0
1470,7,0,0,0
1471,7,0,0,0
1472,7,0,0,0
1473,7,0,0,0
1474,7,0,0,0
1475,7,0,0,0
1476,7,0,0,0
1477,7,0,1,0
1478,7,0,0,0
1479,7,0,0,0
1480,7,0,0,0
1481,7,0,0,0
1482,7,0,0,0
1483,7,0,1,0
1484,7,0,0,0
1485,7,0,0,0
1486,7,0,0,0
1487,7,0,0,0
1488,7,0,0,0
1489,7,0,0,0
1490,8,0,0,0
1491,8,0,0,0
1492,8,0,0,0
1493,8,0,0,0
1494,8,0,0,0
1495,8,0,1,0
1496,8,0,0,0
1497,8,0,2,0
1498,8,0,0,0
1499,8,0,1,0
1500,8,0,0,0
1501,8,0,0,0
1502,8,0,0,0
1503,8,0,0,0
1504,8,0,0,0
1505,8,0,2,0
1506,8,0,0,0
1507,8,0,0,0
1508,8,0,0,0
1509,8,0,0,0
1510,8,0,0,0
1511,8,0,0,0
1512,8,0,0,0
1513,8,0,0,0
1514,1,0,0,0
1515,1,0,0,0
1516,1,0,0,0
1517,2,0,0,0
1518,2,0,0,0
1519,2,0,0,0
1520,3,0,0,0
1521,3,0,0,0
1522,3,0,0,0
1523,4,0,0,0
1524,4,0,0,0
1525,5,0,4,0
1526,5,0,1,0
1527,5,0,1,0
1528,5,0,2,0
1529,5,0,2,0
1530,5,0,1,0
1531,6,0,3,0
1532,6,0,2,0
1533,6,0,2,0
1534,6,0,3,0
1535,6,0,3,0
1536,6,0,1,0
1537,7,0,2,0
1538,7,0,2,0
1539,7,0,1,0
1540,7,0,1,0
1541,7,0,3,0
1542,7,0,2,0
1543,8,0,3,0
1544,8,0,2,0
1545,8,0,2,0
1546,8,0,4,0
1547,8,0,2,0
1548,8,0,2,0
1549,1,0,0,0
1550,1,0,0,0
1551,1,0,0,0
1552,2,0,0,0
1553,2,0,0,0
1554,2,0,0,0
1555,3,0,0,0
1556,3,0,0,0
1557,3,0,0,0
1558,4,0,0,0
1559,4,0,0,0
1560,4,0,0,0
1561,5,0,1,0
1562,5,0,2,0
1563,5,0,2,0
1564,5,0,2,0
1565,5,0,2,0
1566,5,0,1,0
1567,6,0,3,0
1568,6,0,1,0
1569,6,0,4,0
1570,6,0,2,0
1571,6,0,1,0
1572,7,0,0,0
1573,7,0,1,0
1574,7,0,0,0
1575,7,0,1,0
1576,7,0,3,0
1577,7,0,2,0
1578,8,0,0,0
1579,8,0,2,0
1580,8,0,1,0
1581,8,0,1,0
1582,8,0,3,0
1583,8,0,0,0
1584,1,0,0,0
1585,1,0,0,0
1586,1,0,0,0
1587,2,0,0,0
1588,2,0,0,0
1589,2,0,0,0
1590,2,0,0,0
1591,3,0,0,0
1592,3,0,0,0
1593,3,0,0,0
1594,3,0,0,0
1595,4,0,0,0
1596,4,0,0,0
1597,4,0,0,0
1598,5,0,1,0
1599,5,0,3,0
1600,5,0,3,0
1601,5,0,1,0
1602,5,0,2,0
1603,5,0,2,0
1604,6,0,2,0
1605,6,0,1,0
1606,6,0,2,0
1607,6,0,4,0
1608,6,0,3,0
1609,6,0,2,0
1610,7,0,1,0
1611,7,0,2,0
1612,7,0,1,0
1613,7,0,3,0
1614,7,0,2,0
1615,7,0,0,0
1616,8,0,1,0
1617,8,0,2,0
1618,8,0,2,0
1619,8,0,2,0
1620,8,0,3,0
1621,8,0,3,0
1622,1,0,0,0
1623,1,0,0,0
1624,1,0,0,0
1625,1,0,0,0
1626,2,0,0,0
1627,2,0,0,0
1628,2,0,0,0
1629,3,0,0,0
1630,3,0,0,0
1631,4,0,0,0
1632,4,0,0,0
1633,5,0,0,0
1634,5,0,3,0
1635,5,0,0,0
1636,5,0,3,0
1637,5,0,2,0
1638,5,0,2,0
1639,6,0,0,0
1640,6,0,4,0
1641,6,0,0,0
1642,6,0,2,0
1643,6,0,1,0
1644,7,0,4,0
1645,7,0,0,0
1646,7,0,1,0
1647,7,0,0,0
1648,7,0,2,0
1649,7,0,2,0
1650,8,0,3,0
1651,8,0,1,0
1652,8,0,1,0
1653,8,0,2,0
1654,8,0,1,0
1655,8,0,3,0
1656,1,0,0,0
1657,1,0,0,0
1658,1,0,0,0
1659,1,0,0,0
1660,2,0,0,0
1661,2,0,0,0
1662,2,0,0,0
1663,3,0,0,0
1664,3,0,0,0
1665,3,0,0,0
1666,3,0,0,0
1667,4,0,0,0
1668,4,0,0,0
1669,4,0,0,0
1670,5,0,2,0
1671,5,0,3,0
1672,5,0,2,0
1673,5,0,2,0
1674,5,0,0,0
1675,5,0,2,0
1676,6,0,0,0
1677,6,0,4,0
1678,6,0,2,0
1679,6,0,3,0
1680,6,0,2,0
1681,6,0,2,0
1682,7,0,2,0
1683,7,0,1,0
1684,7,0,1,0
1685,7,0,2,0
1686,7,0,1,0
1687,7,0,2,0
1688,8,0,1,0
1689,8,0,2,0
1690,8,0,0,0
1691,8,0,1,0
1692,8,0,2,0
1693,8,0,3,0
1694,1,0,0,0
1695,1,0,0,0
1696,1,0,0,0
1697,1,0,0,0
1698,2,0,0,0
1699,2,0,0,0
1700,2,0,0,0
1701,2,0,0,0
1702,3,0,0,0
1703,3,0,0,0
1704,3,0,0,0
1705,3,0,0,0
1706,4,0,0,0
1707,4,0,0,0
1708,4,0,0,0
1709,5,0,0,0
1710,5,0,2,0
1711,5,0,2,0
1712,5,0,4,0
1713,5,0,1,0
1714,5,0,3,0
1715,6,0,1,0
1716,6,0,0,0
1717,6,0,4,0
1718,6,0,1,0
1719,6,0,2,0
1720,7,0,1,0
1721,7,0,0,0
1722,7,0,2,0
1723,7,0,3,0
1724,7,0,2,0
1725,7,0,2,0
1726,8,0,2,0
1727,8,0,3,0
1728,8,0,4,0
1729,8,0,1,0
1730,8,0,2,0
1731,8,0,1,0
1732,1,0,0,0
1733,1,0,0,0
1734,2,0,0,0
1735,2,0,0,0
1736,2,0,0,0
1737,3,0,0,0
1738,3,0,0,0
1739,3,0,0,0
1740,4,0,0,0
1741,4,0,0,0
1742,4,0,0,0
1743,5,0,1,0
1744,5,0,2,0
1745,5,0,3,0
1746,5,0,1,0
1747,5,0,0,0
1748,5,0,3,0
1749,6,0,2,0
1750,6,0,1,0
1751,6,0,3,0
1752,6,0,1,0
1753,6,0,3,0
1754,7,0,3,0
1755,7,0,2,0
1756,7,0,2,0
1757,7,0,3,0
1758,7,0,1,0
1759,7,0,1,0
1760,8,0,1,0
1761,8,0,2,0
1762,8,0,3,0
1763,8,0,2,0
1764,8,0,4,0
1765,8,0,4,0
1766,1,0,0,0
1767,1,0,0,0
1768,2,0,0,0
1769,2,0,0,0
1770,3,0,0,0
1771,3,0,0,0
1772,3,0,0,0
1773,4,0,0,0
1774,4,0,0,0
1775,4,0,0,0
1776,5,0,1,0
1777,5,0,0,0
1778,5,0,2,0
1779,5,0,0,0
1780,5,0,0,0
1781,5,0,1,0
1782,6,0,2,0
1783,6,0,2,0
1784,6,0,2,0
1785,6,0,3,0
1786,6,0,1,0
1787,7,0,0,0
1788,7,0,3,0
1789,7,0,2,0
1790,7,0,2,0
1791,7,0,1,0
1792,7,0,4,0
1793,8,0,3,0
1794,8,0,1,0
1795,8,0,3,0
1796,8,0,5,0
1797,8,0,1,0
1798,8,0,3,0
1799,1,0,0,0
1800,1,0,0,0
1801,2,0,0,0
1802,2,0,0,0
1803,3,0,0,0
1804,3,0,0,0
1805,4,0,0,0
1806,4,0,0,0
1807,5,0,2,0
1808,5,0,2,0
1809,5,0,3,0
1810,5,0,5,0
1811,5,0,1,0
1812,5,0,3,0
1813,6,0,1,0
1814,6,0,0,0
1815,6,0,3,0
1816,6,0,2,0
1817,6,0,1,0
1818,6,0,5,0
1819,7,0,2,0
1820,7,0,3,0
1821,7,0,1,0
1822,7,0,1,0
1823,7,0,2,0
1824,7,0,4,0
1825,8,0,3,0
1826,8,0,4,0
1827,8,0,0,0
1828,8,0,4,0
1829,8,0,2,0
1830,8,0,3,0
1831,1,0,0,0
1832,1,0,0,0
1833,1,0,0,0
1834,2,0,0,0
1835,2,0,0,0
1836,3,0,0,0
1837,3,0,0,0
1838,4,0,0,0
1839,4,0,0,0
1840,5,0,3,0
1841,5,0,1,0
1842,5,0,4,0
1843,5,0,2,0
1844,5,0,2,0
1845,5,0,3,0
1846,6,0,1,0
1847,6,0,1,0
1848,6,0,4,0
1849,6,0,2,0
1850,6,0,3,0
1851,6,0,2,0
1852,7,0,4,0
1853,7,0,0,0
1854,7,0,3,0
1855,7,0,3,0
1856,7,0,5,0
1857,7,0,1,0
1858,8,0,2,0
1859,8,0,3,0
1860,8,0,4,0
1861,8,0,3,0
1862,8,0,5,0
1863,8,0,4,0
1864,1,0,0,0
1865,1,0,0,0
1866,1,0,0,0
1867,2,0,0,0
1868,2,0,0,0
1869,2,0,0,0
1870,3,0,0,0
1871,3,0,0,0
1872,3,0,0,0
1873,4,0,0,0
1874,4,0,0,0
1875,4,0,0,0
1876,5,0,0,0
1877,5,0,0,0
1878,5,0,0,0
1879,5,0,0,0
1880,5,0,0,0
1881,5,0,0,0
1882,5,0,0,0
1883,5,0,1,0
1884,5,0,0,0
1885,5,0,1,0
1886,5,0,0,0
1887,5,0,1,0
1888,6,0,1,0
1889,6,0,0,0
1890,6,0,0,0
1891,6,0,0,0
1892,6,0,0,0
1893,6,0,0,0
1894,6,0,1,0
1895,6,0,1,0
1896,6,0,0,0
1897,6,0,0,0
1898,6,0,0,0
1899,6,0,1,0
1900,7,0,0,0
1901,7,0,0,0
1902,7,0,0,0
1903,7,0,0,0
1904,7,0,0,0
1905,7,0,0,0
1906,7,0,0,0
1907,7,0,1,0
1908,7,0,2,0
1909,7,0,0,0
1910,7,0,0,0
1911,7,0,1,0
1912,8,0,1,0
1913,8,0,0,0
1914,8,0,0,0
1915,8,0,0,0
1916,8,0,0,0
1917,8,0,0,0
1918,8,0,0,0
1919,8,0,1,0
1920,8,0,0,0
1921,8,0,0,0
1922,8,0,2,0
1923,8,0,0,0
1924,1,0,0,0
1925,1,0,0,0
1926,1,0,0,0
1927,2,0,0,0
1928,2,0,0,0
1929,2,0,0,0
1930,3,0,0,0
1931,3,0,0,0
1932,3,0,0,0
1933,4,0,0,0
1934,4,0,0,0
1935,4,0,0,0
1936,5,0,0,0
1937,5,0,0,0
1938,5,0,0,0
1939,5,0,0,0
1940,5,0,0,0
1941,5,0,1,0
1942,5,0,0,0
1943,5,0,1,0
1944,5,0,1,0
1945,5,0,2,0
1946,5,0,0,0
1947,5,0,0,0
1948,6,0,0,0
1949,6,0,0,0
1950,6,0,0,0
1951,6,0,0,0
1952,6,0,1,0
1953,6,0,1,0
1954,6,0,2,0
1955,6,0,1,0
1956,6,0,0,0
1957,6,0,1,0
1958,6,0,0,0
1959,6,0,0,0
1960,7,0,0,0
1961,7,0,0,0
1962,7,0,0,0
1963,7,0,0,0
1964,7,0,0,0
1965,7,0,1,0
1966,7,0,2,0
1967,7,0,0,0
1968,7,0,0,0
1969,7,0,1,0
1970,7,0,0,0
1971,7,0,0,0
1972,8,0,0,0
1973,8,0,1,0
1974,8,0,0,0
1975,8,0,0,0
1976,8,0,1,0
1977,8,0,0,0
1978,8,0,0,0
1979,8,0,1,0
1980,8,0,1,0
1981,8,0,0,0
1982,8,0,0,0
1983,8,0,1,0
1984,1,0,0,0
1985,1,0,0,0
1986,1,0,0,0
1987,2,0,0,0
1988,2,0,0,0
1989,2,0,0,0
1990,3,0,0,0
1991,3,0,0,0
1992,3,0,0,0
1993,4,0,0,0
1994,4,0,0,0
1995,4,0,0,0
1996,5,0,0,0
1997,5,0,0,0
1998,5,0,0,0
1999,5,0,0,0
2000,5,0,0,0
2001,5,0,0,0
2002,5,0,0,0
2003,5,0,1,0
2004,5,0,0,0
2005,5,0,0,0
2006,5,0,0,0
2007,5,0,1,0
2008,6,0,0,0
2009,6,0,0,0
2010,6,0,1,0
2011,6,0,0,0
2012,6,0,0,0
2013,6,0,0,0
2014,6,0,0,0
2015,6,0,0,0
2016,6,0,0,0
2017,6,0,0,0
2018,6,0,0,0
2019,6,0,0,0
2020,7,0,0,0
2021,7,0,0,0
2022,7,0,0,0
2023,7,0,0,0
2024,7,0,0,0
2025,7,0,0,0
2026,7,0,0,0
2027,7,0,0,0
2028,7,0,0,0
2029,7,0,0,0
2030,7,0,0,0
2031,7,0,0,0
2032,8,0,0,0
2033,8,0,1,0
2034,8,0,0,0
2035,8,0,0,0
2036,8,0,0,0
2037,8,0,0,0
2038,8,0,0,0
2039,8,0,0,0
2040,8,0,0,0
2041,8,0,0,0
2042,8,0,0,0
2043,8,0,0,0
2044,1,0,0,0
2045,1,0,0,0
2046,1,0,0,0
2047,2,0,0,0
2048,2,0,0,0
2049,3,0,0,0
2050,3,0,0,0
2051,4,0,0,0
2052,4,0,0,0
2053,5,0,1,0
2054,5,0,2,0
2055,5,0,1,0
2056,5,0,2,0
2057,5,0,0,0
2058,5,0,2,0
2059,5,0,1,0
2060,5,0,0,0
2061,5,0,2,0
2062,5,0,0,0
2063,5,0,0,0
2064,5,0,1,0
2065,6,0,0,0
2066,6,0,0,0
2067,6,0,1,0
2068,6,0,1,0
2069,6,0,0,0
2070,6,0,0,0
2071,6,0,2,0
2072,6,0,1,0
2073,6,0,2,0
2074,6,0,0,0
2075,6,0,0,0
2076,6,0,2,0
2077,7,0,0,0
2078,7,0,0,0
2079,7,0,2,0
2080,7,0,1,0
2081,7,0,0,0
2082,7,0,1,0
2083,7,0,2,0
2084,7,0,1,0
2085,7,0,1,0
2086,7,0,0,0
2087,7,0,0,0
2088,7,0,2,0
2089,8,0,0,0
2090,8,0,0,0
2091,8,0,1,0
2092,8,0,1,0
2093,8,0,0,0
2094,8,0,0,0
2095,8,0,1,0
2096,8,0,3,0
2097,8,0,1,0
2098,8,0,1,0
2099,8,0,1,0
2100,8,0,4,0
2101,1,0,0,0
2102,1,0,0,0
2103,1,0,0,0
2104,2,0,0,0
2105,2,0,0,0
2106,2,0,0,0
2107,3,0,0,0
2108,3,0,0,0
2109,3,0,0,0
2110,5,0,0,0
2111,5,0,0,0
2112,5,0,0,0
2113,5,0,0,0
2114,5,0,0,0
2115,5,0,0,0
2116,5,0,0,0
2117,5,0,0,0
2118,5,0,0,0
2119,5,0,0,0
2120,5,0,0,0
2121,5,0,0,0
2122,6,0,0,0
2123,6,0,0,0
2124,6,0,0,0
2125,6,0,0,0
2126,6,0,0,0
2127,6,0,1,0
2128,6,0,0,0
2129,6,0,0,0
2130,6,0,0,0
2131,6,0,0,0
2132,6,0,0,0
2133,6,0,0,0
2134,7,0,0,0
2135,7,0,0,0
2136,7,0,0,0
2137,7,0,0,0
2138,7,0,0,0
2139,7,0,0,0
2140,7,0,0,0
2141,7,0,0,0
2142,7,0,0,0
2143,7,0,0,0
2144,7,0,0,0
2145,7,0,0,0
2146,8,0,0,0
2147,8,0,0,0
2148,8,0,0,0
2149,8,0,1,0
2150,8,0,1,0
2151,8,0,0,0
2152,8,0,1,0
2153,8,0,0,0
2154,8,0,0,0
2155,8,0,0,0
2156,8,0,0,0
2157,8,0,0,0
2158,1,0,0,0
2159,1,0,0,0
2160,1,0,0,0
2161,1,0,0,0
2162,2,0,0,0
2163,2,0,0,0
2164,2,0,0,0
2165,2,0,0,0
2166,3,0,0,0
2167,3,0,0,0
2168,3,0,0,0
2169,4,0,0,0
2170,4,0,0,0
2171,4,0,0,0
2172,5,0,0,0
2173,5,0,0,0
2174,5,0,1,0
2175,5,0,0,0
2176,5,0,0,0
2177,5,0,0,0
2178,5,0,0,0
2179,5,0,0,0
2180,5,0,0,0
2181,5,0,0,0
2182,5,0,0,0
2183,5,0,1,0
2184,6,0,0,0
2185,6,0,0,0
2186,6,0,0,0
2187,6,0,0,0
2188,6,0,0,0
2189,6,0,1,0
2190,6,0,0,0
2191,6,0,0,0
2192,6,0,0,0
2193,6,0,0,0
2194,6,0,0,0
2195,6,0,0,0
2196,7,0,0,0
2197,7,0,0,0
2198,7,0,0,0
2199,7,0,0,0
2200,7,0,0,0
2201,7,0,0,0
2202,7,0,0,0
2203,7,0,0,0
2204,7,0,0,0
2205,7,0,0,0
2206,7,0,0,0
2207,7,0,0,0
2208,8,0,0,0
2209,8,0,0,0
2210,8,0,0,0
2211,8,0,1,0
2212,8,0,1,0
2213,8,0,0,0
2214,8,0,0,0
2215,8,0,0,0
2216,8,0,0,0
2217,8,0,0,0
2218,8,0,0,0
2219,8,0,1,0
2220,1,0,0,0
2221,1,0,0,0
2222,1,0,0,0
2223,2,0,0,0
2224,2,0,0,0
2225,2,0,0,0
2226,3,0,0,0
2227,3,0,0,0
2228,3,0,0,0
2229,4,0,0,0
2230,4,0,0,0
2231,5,0,0,0
2232,5,0,0,0
2233,5,0,1,0
2234,5,0,0,0
2235,5,0,0,0
2236,5,0,0,0
2237,5,0,0,0
2238,5,0,1,0
2239,5,0,0,0
2240,5,0,1,0
2241,5,0,0,0
2242,5,0,1,0
2243,6,0,1,0
2244,6,0,0,0
2245,6,0,0,0
2246,6,0,0,0
2247,6,0,0,0
2248,6,0,0,0
2249,6,0,1,0
2250,6,0,1,0
2251,6,0,0,0
2252,6,0,0,0
2253,6,0,0,0
2254,6,0,1,0
2255,7,0,0,0
2256,7,0,0,0
2257,7,0,0,0
2258,7,0,0,0
2259,7,0,0,0
2260,7,0,0,0
2261,7,0,0,0
2262,7,0,1,0
2263,7,0,2,0
2264,7,0,0,0
2265,7,0,0,0
2266,7,0,1,0
2267,8,0,1,0
2268,8,0,0,0
2269,8,0,0,0
2270,8,0,0,0
2271,8,0,0,0
2272,8,0,0,0
2273,8,0,0,0
2274,8,0,1,0
2275,8,0,0,0
2276,8,0,0,0
2277,8,0,2,0
2278,8,0,0,0
2279,1,0,0,0
2280,1,0,0,0
2281,2,0,0,0
2282,2,0,0,0
2283,2,0,0,0
2284,3,0,0,0
2285,3,0,0,0
2286,3,0,0,0
2287,4,0,0,0
2288,4,0,0,0
2289,5,0,0,0
2290,5,0,0,0
2291,5,0,0,0
2292,5,0,1,0
2293,5,0,0,0
2294,5,0,2,0
2295,5,0,0,0
2296,5,0,0,0
2297,5,0,0,0
2298,5,0,0,0
2299,5,0,0,0
2300,5,0,1,0
2301,6,0,0,0
2302,6,0,0,0
2303,6,0,0,0
2304,6,0,0,0
2305,6,0,1,0
2306,6,0,0,0
2307,6,0,0,0
2308,6,0,1,0
2309,6,0,1,0
2310,6,0,1,0
2311,6,0,0,0
2312,6,0,0,0
2313,7,0,0,0
2314,7,0,0,0
2315,7,0,0,0
2316,7,0,1,0
2317,7,0,0,0
2318,7,0,0,0
2319,7,0,1,0
2320,7,0,0,0
2321,7,0,0,0
2322,7,0,1,0
2323,7,0,0,0
2324,7,0,0,0
2325,8,0,0,0
2326,8,0,0,0
2327,8,0,0,0
2328,8,0,0,0
2329,8,0,1,0
2330,8,0,0,0
2331,8,0,0,0
2332,8,0,1,0
2333,8,0,2,0
2334,8,0,0,0
2335,8,0,0,0
2336,8,0,0,0
2337,1,0,0,0
2338,1,0,0,0
2339,2,0,0,0
2340,2,0,0,0
2341,3,0,0,0
2342,3,0,0,0
2343,4,0,0,0
2344,4,0,0,0
2345,5,0,1,0
2346,5,0,0,0
2347,5,0,0,0
2348,5,0,0,0
2349,5,0,0,0
2350,5,0,1,0
2351,5,0,0,0
2352,5,0,1,0
2353,5,0,1,0
2354,5,0,0,0
2355,5,0,0,0
2356,5,0,0,0
2357,6,0,0,0
2358,6,0,0,0
2359,6,0,0,0
2360,6,0,0,0
2361,6,0,0,0
2362,6,0,0,0
2363,6,0,0,0
2364,6,0,1,0
2365,6,0,0,0
2366,6,0,0,0
2367,6,0,0,0
2368,6,0,1,0
2369,7,0,0,0
2370,7,0,1,0
2371,7,0,0,0
2372,7,0,0,0
2373,7,0,0,0
2374,7,0,1,0
2375,7,0,0,0
2376,7,0,0,0
2377,7,0,0,0
2378,7,0,0,0
2379,7,0,0,0
2380,7,0,0,0
2381,8,0,0,0
2382,8,0,0,0
2383,8,0,0,0
2384,8,0,1,0
2385,8,0,0,0
2386,8,0,0,0
2387,8,0,0,0
2388,8,0,1,0
2389,8,0,0,0
2390,8,0,0,0
2391,8,0,0,0
2392,8,0,2,0
2393,1,0,0,0
2394,1,0,0,0
2395,1,0,0,0
2396,2,0,0,0
2397,2,0,0,0
2398,3,0,0,0
2399,3,0,0,0
2400,4,0,0,0
2401,4,0,0,0
2402,4,0,0,0
2403,5,0,0,0
2404,5,0,0,0
2405,5,0,0,0
2406,5,0,0,0
2407,5,0,1,0
2408,5,0,1,0
2409,5,0,0,0
2410,5,0,0,0
2411,5,0,1,0
2412,5,0,0,0
2413,5,0,0,0
2414,5,0,1,0
2415,6,0,0,0
2416,6,0,0,0
2417,6,0,0,0
2418,6,0,1,0
2419,6,0,0,0
2420,6,0,1,0
2421,6,0,0,0
2422,6,0,1,0
2423,6,0,1,0
2424,6,0,0,0
2425,6,0,0,0
2426,6,0,0,0
2427,7,0,0,0
2428,7,0,0,0
2429,7,0,0,0
2430,7,0,0,0
2431,7,0,0,0
2432,7,0,0,0
2433,7,0,0,0
2434,7,0,0,0
2435,7,0,0,0
2436,7,0,0,0
2437,7,0,1,0
2438,7,0,0,0
2439,8,0,0,0
2440,8,0,0,0
2441,8,0,1,0
2442,8,0,1,0
2443,8,0,1,0
2444,8,0,0,0
2445,8,0,1,0
2446,8,0,0,0
2447,8,0,2,0
2448,8,0,0,0
2449,8,0,0,0
2450,8,0,1,0
2451,1,0,0,0
2452,1,0,0,0
2453,2,0,0,0
2454,2,0,0,0
2455,2,0,0,0
2456,3,0,0,0
2457,3,0,0,0
2458,3,0,0,0
2459,4,0,0,0
2460,4,0,0,0
2461,4,0,0,0
2462,5,0,0,0
2463,5,0,0,0
2464,5,0,0,0
2465,5,0,0,0
2466,5,0,0,0
2467,5,0,0,0
2468,5,0,0,0
2469,5,0,0,0
2470,5,0,0,0
2471,5,0,0,0
2472,5,0,0,0
2473,5,0,0,0
2474,6,0,0,0
2475,6,0,0,0
2476,6,0,0,0
2477,6,0,0,0
2478,6,0,0,0
2479,6,0,0,0
2480,6,0,0,0
2481,6,0,1,0
2482,6,0,1,0
2483,6,0,0,0
2484,6,0,0,0
2485,6,0,0,0
2486,7,0,0,0
2487,7,0,0,0
2488,7,0,0,0
2489,7,0,0,0
2490,7,0,0,0
2491,7,0,1,0
2492,7,0,0,0
2493,7,0,0,0
2494,7,0,0,0
2495,7,0,0,0
2496,7,0,0,0
2497,7,0,1,0
2498,8,0,0,0
2499,8,0,0,0
2500,8,0,0,0
2501,8,0,1,0
2502,8,0,1,0
2503,8,0,1,0
2504,8,0,1,0
2505,8,0,0,0
2506,8,0,2,0
2507,8,0,0,0
2508,8,0,0,0
2509,8,0,1,0
